"codanum","ioi_i","ioi"
"DSWP11","1",0.063
"DSWP11","2",0.062
"DSWP11","3",0.083
"DSWP12","1",0.09
"DSWP12","2",0.077
"DSWP12","3",0.076
"DSWP12","4",0.096
"DSWP13","1",0.062
"DSWP13","2",0.084
"DSWP13","3",0.063
"DSWP13","4",0.086
"DSWP14","1",0.062
"DSWP14","2",0.063
"DSWP14","3",0.062
"DSWP14","4",0.083
"DSWP15","1",0.067
"DSWP15","2",0.068
"DSWP15","3",0.062
"DSWP15","4",0.061
"DSWP15","5",0.065
"DSWP16","1",0.073
"DSWP16","2",0.072
"DSWP16","3",0.063
"DSWP16","4",0.065
"DSWP16","5",0.086
"DSWP17","1",0.081
"DSWP17","2",0.079
"DSWP17","3",0.076
"DSWP17","4",0.063
"DSWP17","5",0.139
"DSWP18","1",0.07
"DSWP18","2",0.058
"DSWP18","3",0.062
"DSWP18","4",0.067
"DSWP18","5",0.09
"DSWP19","1",0.064
"DSWP19","2",0.066
"DSWP19","3",0.079
"DSWP19","4",0.076
"DSWP19","5",0.1
"DSWP20","1",0.21
"DSWP20","2",0.189
"DSWP20","3",0.167
"DSWP20","4",0.126
"DSWP20","5",0.148
"DSWP21","1",0.08
"DSWP21","2",0.073
"DSWP21","3",0.062
"DSWP21","4",0.064
"DSWP21","5",0.077
"DSWP22","1",0.249
"DSWP22","2",0.187
"DSWP22","3",0.125
"DSWP22","4",0.125
"DSWP22","5",0.125
"DSWP23","1",0.05
"DSWP23","2",0.058
"DSWP23","3",0.063
"DSWP23","4",0.06
"DSWP23","5",0.063
"DSWP23","6",0.098
"DSWP24","1",0.234
"DSWP24","2",0.174
"DSWP24","3",0.124
"DSWP24","4",0.115
"DSWP24","5",0.114
"DSWP24","6",0.137
"DSWP25","1",0.224
"DSWP25","2",0.202
"DSWP25","3",0.138
"DSWP25","4",0.118
"DSWP25","5",0.117
"DSWP25","6",0.155
"DSWP26","1",0.215
"DSWP26","2",0.189
"DSWP26","3",0.142
"DSWP26","4",0.11
"DSWP26","5",0.118
"DSWP26","6",0.133
"DSWP27","1",0.238
"DSWP27","2",0.177
"DSWP27","3",0.124
"DSWP27","4",0.137
"DSWP27","5",0.106
"DSWP27","6",0.143
"DSWP28","1",0.231
"DSWP28","2",0.211
"DSWP28","3",0.127
"DSWP28","4",0.083
"DSWP28","5",0.105
"DSWP28","6",0.127
"DSWP29","1",0.251
"DSWP29","2",0.217
"DSWP29","3",0.125
"DSWP29","4",0.127
"DSWP29","5",0.107
"DSWP29","6",0.148
"DSWP30","1",0.247
"DSWP30","2",0.222
"DSWP30","3",0.123
"DSWP30","4",0.097
"DSWP30","5",0.116
"DSWP30","6",0.167
"DSWP31","1",0.046
"DSWP31","2",0.056
"DSWP31","3",0.056
"DSWP31","4",0.055
"DSWP31","5",0.058
"DSWP31","6",0.072
"DSWP32","1",0.042
"DSWP32","2",0.057
"DSWP32","3",0.056
"DSWP32","4",0.058
"DSWP32","5",0.056
"DSWP32","6",0.068
"DSWP33","1",0.066
"DSWP33","2",0.058
"DSWP33","3",0.054
"DSWP33","4",0.059
"DSWP33","5",0.056
"DSWP33","6",0.064
"DSWP34","1",0.06
"DSWP34","2",0.065
"DSWP34","3",0.056
"DSWP34","4",0.051
"DSWP34","5",0.049
"DSWP34","6",0.083
"DSWP35","1",0.188
"DSWP35","2",0.133
"DSWP35","3",0.117
"DSWP35","4",0.105
"DSWP35","5",0.097
"DSWP35","6",0.1
"DSWP35","7",0.128
"DSWP36","1",0.044
"DSWP36","2",0.05
"DSWP36","3",0.051
"DSWP36","4",0.051
"DSWP36","5",0.048
"DSWP36","6",0.055
"DSWP36","7",0.068
"DSWP37","1",0.246
"DSWP37","2",0.183
"DSWP37","3",0.131
"DSWP37","4",0.096
"DSWP37","5",0.101
"DSWP37","6",0.122
"DSWP37","7",0.182
"DSWP38","1",0.163
"DSWP38","2",0.149
"DSWP38","3",0.115
"DSWP38","4",0.092
"DSWP38","5",0.099
"DSWP38","6",0.105
"DSWP38","7",0.101
"DSWP38","8",0.138
"DSWP39","1",0.168
"DSWP39","2",0.187
"DSWP39","3",0.118
"DSWP39","4",0.09
"DSWP39","5",0.107
"DSWP39","6",0.113
"DSWP39","7",0.096
"DSWP39","8",0.2
"DSWP40","1",0.097
"DSWP40","2",0.071
"DSWP40","3",0.076
"DSWP40","4",0.082
"DSWP41","1",0.067
"DSWP41","2",0.067
"DSWP41","3",0.072
"DSWP41","4",0.06
"DSWP41","5",0.086
"DSWP274","1",0.107
"DSWP274","2",0.093
"DSWP274","3",0.068
"DSWP274","4",0.083
"DSWP275","1",0.113
"DSWP275","2",0.1
"DSWP275","3",0.066
"DSWP275","4",0.076
"DSWP276","1",0.098
"DSWP276","2",0.099
"DSWP276","3",0.064
"DSWP276","4",0.067
"DSWP277","1",0.229
"DSWP277","2",0.24
"DSWP277","3",0.105
"DSWP277","4",0.109
"DSWP278","1",0.273
"DSWP278","2",0.25
"DSWP278","3",0.145
"DSWP278","4",0.123
"DSWP279","1",0.294
"DSWP279","2",0.222
"DSWP279","3",0.139
"DSWP279","4",0.13
"DSWP280","1",0.287
"DSWP280","2",0.258
"DSWP280","3",0.155
"DSWP280","4",0.125
"DSWP281","1",0.098
"DSWP281","2",0.099
"DSWP281","3",0.082
"DSWP281","4",0.062
"DSWP282","1",0.108
"DSWP282","2",0.109
"DSWP282","3",0.073
"DSWP282","4",0.082
"DSWP283","1",0.152
"DSWP283","2",0.105
"DSWP283","3",0.094
"DSWP283","4",0.112
"DSWP284","1",0.321
"DSWP284","2",0.316
"DSWP284","3",0.185
"DSWP284","4",0.15
"DSWP285","1",0.342
"DSWP285","2",0.338
"DSWP285","3",0.188
"DSWP285","4",0.139
"DSWP286","1",0.368
"DSWP286","2",0.354
"DSWP286","3",0.193
"DSWP286","4",0.175
"DSWP287","1",0.108
"DSWP287","2",0.095
"DSWP287","3",0.063
"DSWP287","4",0.075
"DSWP288","1",0.237
"DSWP288","2",0.26
"DSWP288","3",0.195
"DSWP288","4",0.129
"DSWP289","1",0.262
"DSWP289","2",0.213
"DSWP289","3",0.179
"DSWP289","4",0.131
"DSWP290","1",0.23
"DSWP290","2",0.245
"DSWP290","3",0.198
"DSWP290","4",0.119
"DSWP291","1",0.221
"DSWP291","2",0.247
"DSWP291","3",0.17
"DSWP291","4",0.124
"DSWP292","1",0.231
"DSWP292","2",0.248
"DSWP292","3",0.178
"DSWP292","4",0.133
"DSWP293","1",0.222
"DSWP293","2",0.257
"DSWP293","3",0.184
"DSWP293","4",0.127
"DSWP294","1",0.257
"DSWP294","2",0.272
"DSWP294","3",0.16
"DSWP294","4",0.136
"DSWP295","1",0.263
"DSWP295","2",0.267
"DSWP295","3",0.17
"DSWP295","4",0.135
"DSWP296","1",0.268
"DSWP296","2",0.27
"DSWP296","3",0.171
"DSWP296","4",0.129
"DSWP297","1",0.51
"DSWP297","2",0.447
"DSWP297","3",0.21
"DSWP297","4",0.204
"DSWP298","1",0.507
"DSWP298","2",0.482
"DSWP298","3",0.214
"DSWP298","4",0.214
"DSWP299","1",0.469
"DSWP299","2",0.427
"DSWP299","3",0.189
"DSWP299","4",0.191
"DSWP300","1",0.481
"DSWP300","2",0.47
"DSWP300","3",0.189
"DSWP300","4",0.193
"DSWP301","1",0.453
"DSWP301","2",0.416
"DSWP301","3",0.147
"DSWP301","4",0.179
"DSWP302","1",0.457
"DSWP302","2",0.388
"DSWP302","3",0.182
"DSWP302","4",0.172
"DSWP303","1",0.547
"DSWP303","2",0.53
"DSWP303","3",0.233
"DSWP303","4",0.248
"DSWP304","1",0.514
"DSWP304","2",0.519
"DSWP304","3",0.234
"DSWP304","4",0.246
"DSWP305","1",0.484
"DSWP305","2",0.443
"DSWP305","3",0.2
"DSWP305","4",0.167
"DSWP306","1",0.496
"DSWP306","2",0.467
"DSWP306","3",0.233
"DSWP306","4",0.231
"DSWP307","1",0.422
"DSWP307","2",0.338
"DSWP307","3",0.162
"DSWP307","4",0.183
"DSWP308","1",0.414
"DSWP308","2",0.425
"DSWP308","3",0.179
"DSWP308","4",0.187
"DSWP309","1",0.395
"DSWP309","2",0.436
"DSWP309","3",0.22
"DSWP309","4",0.204
"DSWP310","1",0.394
"DSWP310","2",0.341
"DSWP310","3",0.22
"DSWP310","4",0.191
"DSWP311","1",0.518
"DSWP311","2",0.467
"DSWP311","3",0.179
"DSWP311","4",0.229
"DSWP312","1",0.105
"DSWP312","2",0.092
"DSWP312","3",0.087
"DSWP313","1",0.093
"DSWP313","2",0.089
"DSWP313","3",0.07
"DSWP313","4",0.064
"DSWP314","1",0.088
"DSWP314","2",0.089
"DSWP314","3",0.071
"DSWP314","4",0.061
"DSWP315","1",0.086
"DSWP315","2",0.085
"DSWP315","3",0.078
"DSWP315","4",0.066
"DSWP316","1",0.087
"DSWP316","2",0.086
"DSWP316","3",0.079
"DSWP316","4",0.066
"DSWP317","1",0.082
"DSWP317","2",0.09
"DSWP317","3",0.072
"DSWP317","4",0.071
"DSWP318","1",0.089
"DSWP318","2",0.087
"DSWP318","3",0.074
"DSWP318","4",0.069
"DSWP319","1",0.085
"DSWP319","2",0.096
"DSWP319","3",0.072
"DSWP319","4",0.067
"DSWP320","1",0.083
"DSWP320","2",0.097
"DSWP320","3",0.073
"DSWP320","4",0.074
"DSWP321","1",0.089
"DSWP321","2",0.09
"DSWP321","3",0.076
"DSWP321","4",0.069
"DSWP322","1",0.092
"DSWP322","2",0.088
"DSWP322","3",0.064
"DSWP322","4",0.067
"DSWP323","1",0.095
"DSWP323","2",0.068
"DSWP323","3",0.064
"DSWP323","4",0.087
"DSWP324","1",0.103
"DSWP324","2",0.098
"DSWP324","3",0.065
"DSWP324","4",0.051
"DSWP325","1",0.1
"DSWP325","2",0.091
"DSWP325","3",0.075
"DSWP325","4",0.078
"DSWP326","1",0.1
"DSWP326","2",0.097
"DSWP326","3",0.07
"DSWP326","4",0.084
"DSWP327","1",0.1
"DSWP327","2",0.084
"DSWP327","3",0.073
"DSWP327","4",0.07
"DSWP328","1",0.086
"DSWP328","2",0.098
"DSWP328","3",0.072
"DSWP328","4",0.089
"DSWP329","1",0.113
"DSWP329","2",0.08
"DSWP329","3",0.074
"DSWP329","4",0.084
"DSWP330","1",0.102
"DSWP330","2",0.097
"DSWP330","3",0.068
"DSWP330","4",0.077
"DSWP331","1",0.127
"DSWP331","2",0.099
"DSWP331","3",0.082
"DSWP331","4",0.085
"DSWP332","1",0.113
"DSWP332","2",0.097
"DSWP332","3",0.078
"DSWP332","4",0.099
"DSWP333","1",0.111
"DSWP333","2",0.089
"DSWP333","3",0.078
"DSWP333","4",0.085
"DSWP334","1",0.116
"DSWP334","2",0.097
"DSWP334","3",0.073
"DSWP334","4",0.073
"DSWP335","1",0.104
"DSWP335","2",0.094
"DSWP335","3",0.087
"DSWP335","4",0.101
"DSWP336","1",0.086
"DSWP336","2",0.093
"DSWP336","3",0.07
"DSWP336","4",0.063
"DSWP337","1",0.111
"DSWP337","2",0.098
"DSWP337","3",0.087
"DSWP337","4",0.081
"DSWP338","1",0.055
"DSWP338","2",0.063
"DSWP338","3",0.059
"DSWP338","4",0.049
"DSWP338","5",0.054
"DSWP338","6",0.053
"DSWP339","1",0.051
"DSWP339","2",0.06
"DSWP339","3",0.06
"DSWP339","4",0.054
"DSWP339","5",0.051
"DSWP339","6",0.05
"DSWP340","1",0.041
"DSWP340","2",0.044
"DSWP340","3",0.041
"DSWP340","4",0.048
"DSWP340","5",0.055
"DSWP340","6",0.058
"DSWP341","1",0.114
"DSWP341","2",0.047
"DSWP341","3",0.067
"DSWP342","1",0.087
"DSWP342","2",0.102
"DSWP342","3",0.074
"DSWP342","4",0.062
"DSWP343","1",0.093
"DSWP343","2",0.093
"DSWP343","3",0.081
"DSWP343","4",0.061
"DSWP344","1",0.081
"DSWP344","2",0.095
"DSWP344","3",0.072
"DSWP344","4",0.061
"DSWP345","1",0.093
"DSWP345","2",0.093
"DSWP345","3",0.072
"DSWP345","4",0.07
"DSWP346","1",0.088
"DSWP346","2",0.096
"DSWP346","3",0.073
"DSWP346","4",0.066
"DSWP347","1",0.09
"DSWP347","2",0.09
"DSWP347","3",0.07
"DSWP347","4",0.062
"DSWP348","1",0.079
"DSWP348","2",0.087
"DSWP348","3",0.071
"DSWP348","4",0.069
"DSWP349","1",0.096
"DSWP349","2",0.087
"DSWP349","3",0.068
"DSWP349","4",0.077
"DSWP350","1",0.073
"DSWP350","2",0.098
"DSWP350","3",0.074
"DSWP350","4",0.068
"DSWP351","1",0.078
"DSWP351","2",0.087
"DSWP351","3",0.073
"DSWP351","4",0.066
"DSWP352","1",0.079
"DSWP352","2",0.087
"DSWP352","3",0.07
"DSWP352","4",0.067
"DSWP353","1",0.073
"DSWP353","2",0.088
"DSWP353","3",0.065
"DSWP353","4",0.064
"DSWP354","1",0.06
"DSWP354","2",0.103
"DSWP354","3",0.068
"DSWP354","4",0.067
"DSWP355","1",0.085
"DSWP355","2",0.084
"DSWP355","3",0.062
"DSWP355","4",0.082
"DSWP356","1",0.108
"DSWP356","2",0.086
"DSWP356","3",0.069
"DSWP356","4",0.069
"DSWP357","1",0.073
"DSWP357","2",0.085
"DSWP357","3",0.067
"DSWP357","4",0.071
"DSWP358","1",0.069
"DSWP358","2",0.088
"DSWP358","3",0.071
"DSWP358","4",0.072
"DSWP359","1",0.071
"DSWP359","2",0.085
"DSWP359","3",0.069
"DSWP359","4",0.071
"DSWP360","1",0.094
"DSWP360","2",0.088
"DSWP360","3",0.072
"DSWP360","4",0.059
"DSWP361","1",0.105
"DSWP361","2",0.089
"DSWP361","3",0.07
"DSWP361","4",0.078
"DSWP362","1",0.091
"DSWP362","2",0.079
"DSWP362","3",0.087
"DSWP362","4",0.072
"DSWP363","1",0.092
"DSWP363","2",0.086
"DSWP363","3",0.067
"DSWP363","4",0.078
"DSWP364","1",0.09
"DSWP364","2",0.084
"DSWP364","3",0.073
"DSWP364","4",0.052
"DSWP365","1",0.097
"DSWP365","2",0.069
"DSWP365","3",0.083
"DSWP365","4",0.066
"DSWP366","1",0.091
"DSWP366","2",0.085
"DSWP366","3",0.077
"DSWP366","4",0.104
"DSWP367","1",0.102
"DSWP367","2",0.085
"DSWP367","3",0.074
"DSWP367","4",0.082
"DSWP368","1",0.089
"DSWP368","2",0.102
"DSWP368","3",0.076
"DSWP368","4",0.062
"DSWP369","1",0.104
"DSWP369","2",0.074
"DSWP369","3",0.085
"DSWP369","4",0.094
"DSWP370","1",0.062
"DSWP370","2",0.063
"DSWP370","3",0.053
"DSWP370","4",0.058
"DSWP371","1",0.072
"DSWP371","2",0.093
"DSWP371","3",0.067
"DSWP371","4",0.076
"DSWP372","1",0.077
"DSWP372","2",0.095
"DSWP372","3",0.066
"DSWP372","4",0.067
"DSWP373","1",0.095
"DSWP373","2",0.081
"DSWP373","3",0.074
"DSWP373","4",0.083
"DSWP374","1",0.087
"DSWP374","2",0.092
"DSWP374","3",0.079
"DSWP374","4",0.067
"DSWP375","1",0.074
"DSWP375","2",0.091
"DSWP375","3",0.072
"DSWP375","4",0.072
"DSWP376","1",0.072
"DSWP376","2",0.084
"DSWP376","3",0.07
"DSWP376","4",0.069
"DSWP377","1",0.084
"DSWP377","2",0.084
"DSWP377","3",0.075
"DSWP377","4",0.065
"DSWP378","1",0.059
"DSWP378","2",0.085
"DSWP378","3",0.061
"DSWP378","4",0.085
"DSWP379","1",0.064
"DSWP379","2",0.083
"DSWP379","3",0.064
"DSWP379","4",0.065
"DSWP380","1",0.07
"DSWP380","2",0.098
"DSWP380","3",0.067
"DSWP380","4",0.104
"DSWP381","1",0.175
"DSWP381","2",0.089
"DSWP381","3",0.082
"DSWP381","4",0.074
"DSWP381","5",0.07
"DSWP382","1",0.079
"DSWP382","2",0.072
"DSWP382","3",0.072
"DSWP382","4",0.078
"DSWP382","5",0.083
"DSWP383","1",0.083
"DSWP383","2",0.083
"DSWP383","3",0.082
"DSWP383","4",0.073
"DSWP383","5",0.085
"DSWP383","6",0.069
"DSWP384","1",0.075
"DSWP384","2",0.088
"DSWP384","3",0.058
"DSWP384","4",0.071
"DSWP385","1",0.332
"DSWP385","2",0.192
"DSWP385","3",0.154
"DSWP386","1",0.222
"DSWP386","2",0.162
"DSWP386","3",0.127
"DSWP387","1",0.343
"DSWP387","2",0.342
"DSWP387","3",0.205
"DSWP387","4",0.165
"DSWP388","1",0.276
"DSWP388","2",0.367
"DSWP388","3",0.202
"DSWP388","4",0.165
"DSWP389","1",0.292
"DSWP389","2",0.373
"DSWP389","3",0.161
"DSWP389","4",0.152
"DSWP390","1",0.209
"DSWP390","2",0.266
"DSWP390","3",0.196
"DSWP390","4",0.155
"DSWP391","1",0.252
"DSWP391","2",0.302
"DSWP391","3",0.175
"DSWP391","4",0.151
"DSWP392","1",0.344
"DSWP392","2",0.303
"DSWP392","3",0.205
"DSWP392","4",0.153
"DSWP393","1",0.293
"DSWP393","2",0.294
"DSWP393","3",0.158
"DSWP393","4",0.145
"DSWP394","1",0.289
"DSWP394","2",0.308
"DSWP394","3",0.154
"DSWP394","4",0.133
"DSWP395","1",0.263
"DSWP395","2",0.281
"DSWP395","3",0.147
"DSWP395","4",0.13
"DSWP396","1",0.291
"DSWP396","2",0.304
"DSWP396","3",0.174
"DSWP396","4",0.159
"DSWP397","1",0.224
"DSWP397","2",0.298
"DSWP397","3",0.184
"DSWP397","4",0.181
"DSWP398","1",0.228
"DSWP398","2",0.285
"DSWP398","3",0.158
"DSWP398","4",0.152
"DSWP399","1",0.244
"DSWP399","2",0.231
"DSWP399","3",0.15
"DSWP399","4",0.123
"DSWP400","1",0.278
"DSWP400","2",0.311
"DSWP400","3",0.163
"DSWP400","4",0.132
"DSWP401","1",0.273
"DSWP401","2",0.281
"DSWP401","3",0.182
"DSWP401","4",0.133
"DSWP402","1",0.094
"DSWP402","2",0.102
"DSWP402","3",0.078
"DSWP402","4",0.069
"DSWP403","1",0.097
"DSWP403","2",0.09
"DSWP403","3",0.086
"DSWP403","4",0.069
"DSWP404","1",0.086
"DSWP404","2",0.099
"DSWP404","3",0.087
"DSWP404","4",0.071
"DSWP405","1",0.239
"DSWP405","2",0.214
"DSWP405","3",0.162
"DSWP405","4",0.132
"DSWP406","1",0.261
"DSWP406","2",0.278
"DSWP406","3",0.149
"DSWP406","4",0.133
"DSWP407","1",0.286
"DSWP407","2",0.274
"DSWP407","3",0.186
"DSWP407","4",0.14
"DSWP408","1",0.327
"DSWP408","2",0.335
"DSWP408","3",0.201
"DSWP408","4",0.151
"DSWP409","1",0.247
"DSWP409","2",0.275
"DSWP409","3",0.167
"DSWP409","4",0.157
"DSWP410","1",0.182
"DSWP410","2",0.204
"DSWP410","3",0.201
"DSWP410","4",0.168
"DSWP411","1",0.105
"DSWP411","2",0.098
"DSWP411","3",0.083
"DSWP411","4",0.061
"DSWP411","5",0.08
"DSWP412","1",0.309
"DSWP412","2",0.343
"DSWP412","3",0.187
"DSWP412","4",0.149
"DSWP412","5",0.214
"DSWP413","1",0.024
"DSWP413","2",0.045
"DSWP413","3",0.042
"DSWP413","4",0.039
"DSWP413","5",0.098
"DSWP414","1",0.148
"DSWP414","2",0.154
"DSWP414","3",0.129
"DSWP414","4",0.115
"DSWP414","5",0.123
"DSWP415","1",0.176
"DSWP415","2",0.286
"DSWP415","3",0.193
"DSWP415","4",0.13
"DSWP415","5",0.148
"DSWP416","1",0.067
"DSWP416","2",0.058
"DSWP416","3",0.051
"DSWP416","4",0.069
"DSWP416","5",0.048
"DSWP416","6",0.058
"DSWP417","1",0.06
"DSWP417","2",0.063
"DSWP417","3",0.051
"DSWP417","4",0.061
"DSWP417","5",0.044
"DSWP417","6",0.054
"DSWP418","1",0.033
"DSWP418","2",0.044
"DSWP418","3",0.044
"DSWP418","4",0.048
"DSWP418","5",0.057
"DSWP418","6",0.076
"DSWP419","1",0.027
"DSWP419","2",0.038
"DSWP419","3",0.038
"DSWP419","4",0.043
"DSWP419","5",0.051
"DSWP419","6",0.061
"DSWP420","1",0.047
"DSWP420","2",0.082
"DSWP420","3",0.067
"DSWP420","4",0.04
"DSWP420","5",0.06
"DSWP420","6",0.044
"DSWP420","7",0.056
"DSWP421","1",0.032
"DSWP421","2",0.032
"DSWP421","3",0.033
"DSWP421","4",0.04
"DSWP421","5",0.033
"DSWP421","6",0.063
"DSWP421","7",0.059
"DSWP422","1",0.037
"DSWP422","2",0.034
"DSWP422","3",0.035
"DSWP422","4",0.035
"DSWP422","5",0.048
"DSWP422","6",0.047
"DSWP422","7",0.055
"DSWP423","1",0.032
"DSWP423","2",0.035
"DSWP423","3",0.036
"DSWP423","4",0.04
"DSWP423","5",0.048
"DSWP423","6",0.054
"DSWP423","7",0.067
"DSWP424","1",0.049
"DSWP424","2",0.063
"DSWP424","3",0.041
"DSWP424","4",0.04
"DSWP424","5",0.042
"DSWP424","6",0.043
"DSWP424","7",0.043
"DSWP424","8",0.063
"DSWP425","1",0.038
"DSWP425","2",0.035
"DSWP425","3",0.036
"DSWP425","4",0.037
"DSWP425","5",0.04
"DSWP425","6",0.046
"DSWP425","7",0.052
"DSWP425","8",0.055
"DSWP1011","1",0.2649
"DSWP1011","2",0.1591
"DSWP1011","3",0.11
"DSWP1012","1",0.2598
"DSWP1012","2",0.1542
"DSWP1012","3",0.1005
"DSWP1013","1",0.2459
"DSWP1013","2",0.1641
"DSWP1013","3",0.1046
"DSWP1014","1",0.237
"DSWP1014","2",0.1686
"DSWP1014","3",0.1065
"DSWP1015","1",0.2499
"DSWP1015","2",0.1659
"DSWP1015","3",0.1148
"DSWP1016","1",0.2457
"DSWP1016","2",0.1617
"DSWP1016","3",0.1082
"DSWP1017","1",0.2415
"DSWP1017","2",0.1576
"DSWP1017","3",0.1079
"DSWP1018","1",0.2277
"DSWP1018","2",0.1772
"DSWP1018","3",0.1283
"DSWP1019","1",0.0833
"DSWP1019","2",0.1037
"DSWP1019","3",0.0629
"DSWP1019","4",0.0623
"DSWP1020","1",0.0836
"DSWP1020","2",0.1045
"DSWP1020","3",0.063
"DSWP1020","4",0.0831
"DSWP1021","1",0.2296
"DSWP1021","2",0.2524
"DSWP1021","3",0.1671
"DSWP1021","4",0.1431
"DSWP1022","1",0.2093
"DSWP1022","2",0.2493
"DSWP1022","3",0.1533
"DSWP1022","4",0.1401
"DSWP1023","1",0.2228
"DSWP1023","2",0.226
"DSWP1023","3",0.164
"DSWP1023","4",0.1387
"DSWP1024","1",0.1051
"DSWP1024","2",0.088
"DSWP1024","3",0.0667
"DSWP1024","4",0.0658
"DSWP1025","1",0.0901
"DSWP1025","2",0.0924
"DSWP1025","3",0.0688
"DSWP1025","4",0.0656
"DSWP1026","1",0.2132
"DSWP1026","2",0.234
"DSWP1026","3",0.1705
"DSWP1026","4",0.1386
"DSWP1027","1",0.2374
"DSWP1027","2",0.2099
"DSWP1027","3",0.1463
"DSWP1027","4",0.1305
"DSWP1028","1",0.2185
"DSWP1028","2",0.2501
"DSWP1028","3",0.169
"DSWP1028","4",0.1435
"DSWP1029","1",0.1958
"DSWP1029","2",0.221
"DSWP1029","3",0.1502
"DSWP1029","4",0.1337
"DSWP1030","1",0.1694
"DSWP1030","2",0.2495
"DSWP1030","3",0.1532
"DSWP1030","4",0.1459
"DSWP1031","1",0.2461
"DSWP1031","2",0.2514
"DSWP1031","3",0.1615
"DSWP1031","4",0.1393
"DSWP1032","1",0.2226
"DSWP1032","2",0.2517
"DSWP1032","3",0.1538
"DSWP1032","4",0.1297
"DSWP1033","1",0.2438
"DSWP1033","2",0.1581
"DSWP1033","3",0.1141
"DSWP1033","4",0.1195
"DSWP1034","1",0.2546
"DSWP1034","2",0.1517
"DSWP1034","3",0.1112
"DSWP1035","1",0.2455
"DSWP1035","2",0.1463
"DSWP1035","3",0.1305
"DSWP1036","1",0.258
"DSWP1036","2",0.1454
"DSWP1036","3",0.1183
"DSWP1037","1",0.1
"DSWP1037","2",0.1085
"DSWP1037","3",0.0742
"DSWP1037","4",0.0668
"DSWP1038","1",0.2308
"DSWP1038","2",0.2303
"DSWP1038","3",0.1396
"DSWP1038","4",0.1294
"DSWP1857","1",0.2774
"DSWP1857","2",0.2731
"DSWP1857","3",0.1821
"DSWP1857","4",0.1536
"DSWP1858","1",0.2745
"DSWP1858","2",0.2774
"DSWP1858","3",0.1483
"DSWP1858","4",0.1701
"DSWP1859","1",0.291
"DSWP1859","2",0.3168
"DSWP1859","3",0.1566
"DSWP1859","4",0.1866
"DSWP1860","1",0.5383
"DSWP1860","2",0.5121
"DSWP1860","3",0.2524
"DSWP1860","4",0.2436
"DSWP1861","1",0.5229
"DSWP1861","2",0.5167
"DSWP1861","3",0.2509
"DSWP1861","4",0.2409
"DSWP1862","1",0.5262
"DSWP1862","2",0.4669
"DSWP1862","3",0.2158
"DSWP1862","4",0.2218
"DSWP1863","1",0.507
"DSWP1863","2",0.4952
"DSWP1863","3",0.2147
"DSWP1863","4",0.1954
"DSWP1864","1",0.4948
"DSWP1864","2",0.4718
"DSWP1864","3",0.2195
"DSWP1864","4",0.2061
"DSWP1865","1",0.502
"DSWP1865","2",0.4972
"DSWP1865","3",0.2069
"DSWP1865","4",0.2102
"DSWP1866","1",0.4931
"DSWP1866","2",0.4547
"DSWP1866","3",0.2128
"DSWP1866","4",0.2114
"DSWP1867","1",0.4207
"DSWP1867","2",0.3847
"DSWP1867","3",0.1782
"DSWP1867","4",0.1815
"DSWP1868","1",0.42
"DSWP1868","2",0.3875
"DSWP1868","3",0.1971
"DSWP1868","4",0.1822
"DSWP1869","1",0.3494
"DSWP1869","2",0.3757
"DSWP1869","3",0.1906
"DSWP1869","4",0.1716
"DSWP1870","1",0.5033
"DSWP1870","2",0.4995
"DSWP1870","3",0.2542
"DSWP1870","4",0.2278
"DSWP1871","1",0.0594
"DSWP1871","2",0.205
"DSWP1871","3",0.1858
"DSWP1871","4",0.1956
"DSWP1872","1",0.0793
"DSWP1872","2",0.2087
"DSWP1872","3",0.2185
"DSWP1872","4",0.2043
"DSWP1873","1",0.4832
"DSWP1873","2",0.4846
"DSWP1873","3",0.2148
"DSWP1873","4",0.2134
"DSWP1874","1",0.0362
"DSWP1874","2",0.165
"DSWP1874","3",0.2811
"DSWP1874","4",0.1725
"DSWP1875","1",0.5021
"DSWP1875","2",0.4366
"DSWP1875","3",0.1679
"DSWP1875","4",0.1955
"DSWP1876","1",0.4967
"DSWP1876","2",0.4204
"DSWP1876","3",0.1629
"DSWP1876","4",0.1841
"DSWP1877","1",0.4638
"DSWP1877","2",0.4307
"DSWP1877","3",0.1716
"DSWP1877","4",0.1581
"DSWP1878","1",0.4537
"DSWP1878","2",0.3995
"DSWP1878","3",0.1917
"DSWP1878","4",0.1557
"DSWP1879","1",0.4738
"DSWP1879","2",0.4083
"DSWP1879","3",0.154
"DSWP1879","4",0.1745
"DSWP1880","1",0.4991
"DSWP1880","2",0.4154
"DSWP1880","3",0.1424
"DSWP1880","4",0.2906
"DSWP1880","5",0.1777
"DSWP1881","1",0.2953
"DSWP1881","2",0.1749
"DSWP1881","3",0.1579
"DSWP1881","4",0.151
"DSWP1881","5",0.1434
"DSWP1881","6",0.1457
"DSWP1881","7",0.1602
"DSWP1882","1",0.2991
"DSWP1882","2",0.1887
"DSWP1882","3",0.1594
"DSWP1882","4",0.1416
"DSWP1882","5",0.1405
"DSWP1882","6",0.1476
"DSWP1882","7",0.1661
"DSWP1882","8",0.184
"DSWP1883","1",0.2298
"DSWP1883","2",0.2304
"DSWP1883","3",0.1575
"DSWP1883","4",0.1332
"DSWP1884","1",0.227
"DSWP1884","2",0.2445
"DSWP1884","3",0.151
"DSWP1884","4",0.1378
"DSWP1885","1",0.2279
"DSWP1885","2",0.238
"DSWP1885","3",0.1549
"DSWP1885","4",0.1298
"DSWP1886","1",0.2417
"DSWP1886","2",0.2395
"DSWP1886","3",0.1583
"DSWP1886","4",0.1434
"DSWP1887","1",0.251
"DSWP1887","2",0.2495
"DSWP1887","3",0.1732
"DSWP1887","4",0.1439
"DSWP1888","1",0.2544
"DSWP1888","2",0.2518
"DSWP1888","3",0.1737
"DSWP1888","4",0.1488
"DSWP1889","1",0.2558
"DSWP1889","2",0.2497
"DSWP1889","3",0.1753
"DSWP1889","4",0.1419
"DSWP1890","1",0.2419
"DSWP1890","2",0.2268
"DSWP1890","3",0.1602
"DSWP1890","4",0.1371
"DSWP1891","1",0.2698
"DSWP1891","2",0.2738
"DSWP1891","3",0.1534
"DSWP1891","4",0.1459
"DSWP1892","1",0.2553
"DSWP1892","2",0.2484
"DSWP1892","3",0.1592
"DSWP1892","4",0.1314
"DSWP1893","1",0.2587
"DSWP1893","2",0.248
"DSWP1893","3",0.1505
"DSWP1893","4",0.1388
"DSWP1894","1",0.0892
"DSWP1894","2",0.09
"DSWP1894","3",0.0763
"DSWP1894","4",0.0677
"DSWP1895","1",0.0953
"DSWP1895","2",0.0885
"DSWP1895","3",0.0747
"DSWP1895","4",0.0644
"DSWP1896","1",0.0924
"DSWP1896","2",0.0827
"DSWP1896","3",0.0687
"DSWP1896","4",0.0641
"DSWP1897","1",0.0854
"DSWP1897","2",0.0842
"DSWP1897","3",0.0721
"DSWP1897","4",0.0651
"DSWP1898","1",0.088
"DSWP1898","2",0.0847
"DSWP1898","3",0.0724
"DSWP1898","4",0.0638
"DSWP1899","1",0.0913
"DSWP1899","2",0.0853
"DSWP1899","3",0.0744
"DSWP1899","4",0.0699
"DSWP1900","1",0.0797
"DSWP1900","2",0.0934
"DSWP1900","3",0.0761
"DSWP1900","4",0.0786
"DSWP1901","1",0.0812
"DSWP1901","2",0.0847
"DSWP1901","3",0.0723
"DSWP1901","4",0.0669
"DSWP1902","1",0.091
"DSWP1902","2",0.094
"DSWP1902","3",0.0725
"DSWP1902","4",0.0724
"DSWP1903","1",0.0851
"DSWP1903","2",0.0963
"DSWP1903","3",0.0785
"DSWP1903","4",0.0672
"DSWP1904","1",0.0919
"DSWP1904","2",0.0989
"DSWP1904","3",0.0737
"DSWP1904","4",0.061
"DSWP1905","1",0.0876
"DSWP1905","2",0.0949
"DSWP1905","3",0.075
"DSWP1905","4",0.063
"DSWP1906","1",0.0825
"DSWP1906","2",0.0893
"DSWP1906","3",0.0753
"DSWP1906","4",0.0657
"DSWP1907","1",0.0453
"DSWP1907","2",0.0539
"DSWP1907","3",0.0607
"DSWP1907","4",0.0533
"DSWP1907","5",0.0538
"DSWP1907","6",0.0477
"DSWP1907","7",0.0597
"DSWP1908","1",0.0328
"DSWP1908","2",0.0365
"DSWP1908","3",0.0412
"DSWP1908","4",0.0461
"DSWP1908","5",0.0497
"DSWP1908","6",0.0562
"DSWP1908","7",0.0654
"DSWP1909","1",0.0409
"DSWP1909","2",0.055
"DSWP1909","3",0.0594
"DSWP1909","4",0.0545
"DSWP1909","5",0.049
"DSWP1909","6",0.0477
"DSWP1909","7",0.0486
"DSWP1909","8",0.057
"DSWP1910","1",0.0415
"DSWP1910","2",0.0527
"DSWP1910","3",0.0642
"DSWP1910","4",0.056
"DSWP1910","5",0.0539
"DSWP1910","6",0.0512
"DSWP1910","7",0.0494
"DSWP1910","8",0.0653
"DSWP1911","1",0.2487
"DSWP1911","2",0.2314
"DSWP1911","3",0.1486
"DSWP1911","4",0.131
"DSWP1912","1",0.2234
"DSWP1912","2",0.2017
"DSWP1912","3",0.1689
"DSWP1912","4",0.1359
"DSWP1913","1",0.2388
"DSWP1913","2",0.2214
"DSWP1913","3",0.1593
"DSWP1913","4",0.141
"DSWP1914","1",0.2259
"DSWP1914","2",0.2172
"DSWP1914","3",0.1555
"DSWP1914","4",0.1359
"DSWP1915","1",0.2478
"DSWP1915","2",0.2296
"DSWP1915","3",0.1534
"DSWP1915","4",0.1472
"DSWP1916","1",0.0935
"DSWP1916","2",0.1019
"DSWP1916","3",0.0896
"DSWP1916","4",0.0781
"DSWP1917","1",0.0888
"DSWP1917","2",0.1177
"DSWP1917","3",0.0778
"DSWP1917","4",0.0553
"DSWP1918","1",0.095
"DSWP1918","2",0.1082
"DSWP1918","3",0.0682
"DSWP1918","4",0.0523
"DSWP1919","1",0.0978
"DSWP1919","2",0.1036
"DSWP1919","3",0.0686
"DSWP1919","4",0.0556
"DSWP1920","1",0.0848
"DSWP1920","2",0.1123
"DSWP1920","3",0.0858
"DSWP1920","4",0.0529
"DSWP1921","1",0.0935
"DSWP1921","2",0.1046
"DSWP1921","3",0.0838
"DSWP1921","4",0.0634
"DSWP1922","1",0.0847
"DSWP1922","2",0.1156
"DSWP1922","3",0.077
"DSWP1922","4",0.0537
"DSWP1923","1",0.0904
"DSWP1923","2",0.0972
"DSWP1923","3",0.0732
"DSWP1923","4",0.048
"DSWP1924","1",0.0876
"DSWP1924","2",0.1001
"DSWP1924","3",0.0757
"DSWP1924","4",0.0667
"DSWP1925","1",0.0884
"DSWP1925","2",0.0987
"DSWP1925","3",0.0823
"DSWP1925","4",0.0524
"DSWP1926","1",0.0928
"DSWP1926","2",0.112
"DSWP1926","3",0.0786
"DSWP1926","4",0.0612
"DSWP1927","1",0.0807
"DSWP1927","2",0.1081
"DSWP1927","3",0.067
"DSWP1927","4",0.075
"DSWP1928","1",0.5156
"DSWP1928","2",0.5035
"DSWP1928","3",0.254
"DSWP1928","4",0.2254
"DSWP1929","1",0.5085
"DSWP1929","2",0.4911
"DSWP1929","3",0.2415
"DSWP1929","4",0.2319
"DSWP1930","1",0.5002
"DSWP1930","2",0.4746
"DSWP1930","3",0.2505
"DSWP1930","4",0.2265
"DSWP1931","1",0.5054
"DSWP1931","2",0.4549
"DSWP1931","3",0.1806
"DSWP1931","4",0.1816
"DSWP1932","1",0.4922
"DSWP1932","2",0.4325
"DSWP1932","3",0.1672
"DSWP1932","4",0.1857
"DSWP1933","1",0.2783
"DSWP1933","2",0.2756
"DSWP1933","3",0.1835
"DSWP1933","4",0.1466
"DSWP1934","1",0.2653
"DSWP1934","2",0.2744
"DSWP1934","3",0.175
"DSWP1934","4",0.1576
"DSWP1935","1",0.2829
"DSWP1935","2",0.2972
"DSWP1935","3",0.156
"DSWP1935","4",0.1567
"DSWP1936","1",0.2702
"DSWP1936","2",0.2767
"DSWP1936","3",0.1554
"DSWP1936","4",0.1465
"DSWP1937","1",0.2281
"DSWP1937","2",0.2588
"DSWP1937","3",0.1635
"DSWP1937","4",0.1447
"DSWP1938","1",0.2599
"DSWP1938","2",0.2751
"DSWP1938","3",0.1512
"DSWP1938","4",0.1544
"DSWP1939","1",0.2223
"DSWP1939","2",0.288
"DSWP1939","3",0.1645
"DSWP1939","4",0.1424
"DSWP1940","1",0.2517
"DSWP1940","2",0.2451
"DSWP1940","3",0.1581
"DSWP1940","4",0.1443
"DSWP1941","1",0.2416
"DSWP1941","2",0.311
"DSWP1941","3",0.1606
"DSWP1941","4",0.1484
"DSWP1942","1",0.2504
"DSWP1942","2",0.2535
"DSWP1942","3",0.1644
"DSWP1942","4",0.1487
"DSWP1943","1",0.2273
"DSWP1943","2",0.2562
"DSWP1943","3",0.1612
"DSWP1943","4",0.1525
"DSWP1944","1",0.1885
"DSWP1944","2",0.2755
"DSWP1944","3",0.1686
"DSWP1944","4",0.144
"DSWP1945","1",0.2562
"DSWP1945","2",0.2752
"DSWP1945","3",0.1633
"DSWP1945","4",0.1605
"DSWP1946","1",0.2593
"DSWP1946","2",0.2637
"DSWP1946","3",0.1744
"DSWP1946","4",0.1434
"DSWP1947","1",0.2272
"DSWP1947","2",0.2301
"DSWP1947","3",0.1797
"DSWP1947","4",0.1124
"DSWP1948","1",0.2338
"DSWP1948","2",0.2614
"DSWP1948","3",0.1676
"DSWP1948","4",0.1484
"DSWP1949","1",0.2485
"DSWP1949","2",0.2641
"DSWP1949","3",0.1776
"DSWP1949","4",0.1338
"DSWP1950","1",0.3213
"DSWP1950","2",0.2809
"DSWP1950","3",0.1792
"DSWP1950","4",0.1623
"DSWP1951","1",0.0919
"DSWP1951","2",0.1071
"DSWP1951","3",0.0828
"DSWP1951","4",0.0555
"DSWP1951","5",0.0997
"DSWP1952","1",0.0305
"DSWP1952","2",0.043
"DSWP1952","3",0.0492
"DSWP1952","4",0.0487
"DSWP1952","5",0.0465
"DSWP1952","6",0.0583
"DSWP1952","7",0.0589
"DSWP1953","1",0.1863
"DSWP1953","2",0.285
"DSWP1953","3",0.1584
"DSWP1953","4",0.1397
"DSWP1954","1",0.2021
"DSWP1954","2",0.2639
"DSWP1954","3",0.1878
"DSWP1954","4",0.1323
"DSWP1955","1",0.2486
"DSWP1955","2",0.2425
"DSWP1955","3",0.1779
"DSWP1955","4",0.1463
"DSWP1956","1",0.2295
"DSWP1956","2",0.2438
"DSWP1956","3",0.1817
"DSWP1956","4",0.1482
"DSWP1957","1",0.2523
"DSWP1957","2",0.2768
"DSWP1957","3",0.1596
"DSWP1957","4",0.1617
"DSWP1958","1",0.1875
"DSWP1958","2",0.2123
"DSWP1958","3",0.1877
"DSWP1959","1",0.046
"DSWP1959","2",0.2223
"DSWP1959","3",0.1911
"DSWP1959","4",0.1761
"DSWP1960","1",0.4722
"DSWP1960","2",0.456
"DSWP1960","3",0.2141
"DSWP1960","4",0.2199
"DSWP1961","1",0.479
"DSWP1961","2",0.4505
"DSWP1961","3",0.2347
"DSWP1961","4",0.2152
"DSWP1962","1",0.4729
"DSWP1962","2",0.4483
"DSWP1962","3",0.2196
"DSWP1962","4",0.2152
"DSWP1963","1",0.4775
"DSWP1963","2",0.4661
"DSWP1963","3",0.2238
"DSWP1963","4",0.2036
"DSWP1964","1",0.5007
"DSWP1964","2",0.4781
"DSWP1964","3",0.2081
"DSWP1964","4",0.2166
"DSWP1965","1",0.4971
"DSWP1965","2",0.4678
"DSWP1965","3",0.1927
"DSWP1965","4",0.2205
"DSWP1966","1",0.4905
"DSWP1966","2",0.4812
"DSWP1966","3",0.2132
"DSWP1966","4",0.232
"DSWP1967","1",0.506
"DSWP1967","2",0.4867
"DSWP1967","3",0.2079
"DSWP1967","4",0.2355
"DSWP1968","1",0.5007
"DSWP1968","2",0.4678
"DSWP1968","3",0.2214
"DSWP1968","4",0.2278
"DSWP1969","1",0.5018
"DSWP1969","2",0.4802
"DSWP1969","3",0.2203
"DSWP1969","4",0.2285
"DSWP1970","1",0.4917
"DSWP1970","2",0.4791
"DSWP1970","3",0.2161
"DSWP1970","4",0.2288
"DSWP1971","1",0.5025
"DSWP1971","2",0.4602
"DSWP1971","3",0.2195
"DSWP1971","4",0.225
"DSWP1972","1",0.5093
"DSWP1972","2",0.4562
"DSWP1972","3",0.2205
"DSWP1972","4",0.2341
"DSWP1973","1",0.4823
"DSWP1973","2",0.4511
"DSWP1973","3",0.2039
"DSWP1973","4",0.2276
"DSWP1974","1",0.4729
"DSWP1974","2",0.4561
"DSWP1974","3",0.1917
"DSWP1974","4",0.1895
"DSWP1975","1",0.462
"DSWP1975","2",0.397
"DSWP1975","3",0.1973
"DSWP1975","4",0.1806
"DSWP1976","1",0.1055
"DSWP1976","2",0.0844
"DSWP1976","3",0.0849
"DSWP1976","4",0.0948
"DSWP1976","5",0.126
"DSWP1977","1",0.0628
"DSWP1977","2",0.0428
"DSWP1977","3",0.0434
"DSWP1977","4",0.0584
"DSWP1977","5",0.0656
"DSWP1977","6",0.0924
"DSWP1977","7",0.1199
"DSWP1978","1",0.4925
"DSWP1978","2",0.455
"DSWP1978","3",0.2116
"DSWP1978","4",0.2116
"DSWP1979","1",0.4297
"DSWP1979","2",0.4166
"DSWP1979","3",0.1755
"DSWP1979","4",0.1911
"DSWP1980","1",0.457
"DSWP1980","2",0.4547
"DSWP1980","3",0.2077
"DSWP1980","4",0.2112
"DSWP1981","1",0.4562
"DSWP1981","2",0.4424
"DSWP1981","3",0.1888
"DSWP1981","4",0.2095
"DSWP1982","1",0.4584
"DSWP1982","2",0.4371
"DSWP1982","3",0.1851
"DSWP1982","4",0.1987
"DSWP1983","1",0.4493
"DSWP1983","2",0.4168
"DSWP1983","3",0.1868
"DSWP1983","4",0.1946
"DSWP1984","1",0.4368
"DSWP1984","2",0.4298
"DSWP1984","3",0.2058
"DSWP1984","4",0.2
"DSWP1985","1",0.4446
"DSWP1985","2",0.4175
"DSWP1985","3",0.1822
"DSWP1985","4",0.1926
"DSWP1986","1",0.4534
"DSWP1986","2",0.4586
"DSWP1986","3",0.2171
"DSWP1986","4",0.2034
"DSWP1987","1",0.4577
"DSWP1987","2",0.4607
"DSWP1987","3",0.2268
"DSWP1987","4",0.2146
"DSWP1988","1",0.469
"DSWP1988","2",0.4435
"DSWP1988","3",0.2376
"DSWP1988","4",0.1855
"DSWP1989","1",0.4767
"DSWP1989","2",0.4176
"DSWP1989","3",0.2354
"DSWP1989","4",0.2248
"DSWP1990","1",0.4526
"DSWP1990","2",0.4195
"DSWP1990","3",0.181
"DSWP1990","4",0.2073
"DSWP1991","1",0.4829
"DSWP1991","2",0.4255
"DSWP1991","3",0.1929
"DSWP1991","4",0.2031
"DSWP1992","1",0.4792
"DSWP1992","2",0.4284
"DSWP1992","3",0.213
"DSWP1992","4",0.2086
"DSWP1993","1",0.4732
"DSWP1993","2",0.4406
"DSWP1993","3",0.2105
"DSWP1993","4",0.2103
"DSWP1994","1",0.4492
"DSWP1994","2",0.4282
"DSWP1994","3",0.1754
"DSWP1994","4",0.1881
"DSWP1995","1",0.4484
"DSWP1995","2",0.4282
"DSWP1995","3",0.1724
"DSWP1995","4",0.1788
"DSWP1996","1",0.4398
"DSWP1996","2",0.4222
"DSWP1996","3",0.1731
"DSWP1996","4",0.1829
"DSWP1997","1",0.4466
"DSWP1997","2",0.4295
"DSWP1997","3",0.1757
"DSWP1997","4",0.1726
"DSWP1998","1",0.473
"DSWP1998","2",0.4461
"DSWP1998","3",0.1898
"DSWP1998","4",0.2065
"DSWP1999","1",0.4504
"DSWP1999","2",0.4286
"DSWP1999","3",0.1882
"DSWP1999","4",0.1931
"DSWP2000","1",0.4734
"DSWP2000","2",0.4116
"DSWP2000","3",0.1994
"DSWP2000","4",0.1932
"DSWP2001","1",0.4674
"DSWP2001","2",0.4297
"DSWP2001","3",0.1967
"DSWP2001","4",0.2053
"DSWP2002","1",0.4623
"DSWP2002","2",0.4315
"DSWP2002","3",0.1908
"DSWP2002","4",0.2017
"DSWP2003","1",0.4695
"DSWP2003","2",0.4394
"DSWP2003","3",0.1948
"DSWP2003","4",0.1945
"DSWP2004","1",0.4846
"DSWP2004","2",0.4671
"DSWP2004","3",0.212
"DSWP2004","4",0.1732
"DSWP2005","1",0.4837
"DSWP2005","2",0.4587
"DSWP2005","3",0.2181
"DSWP2005","4",0.2105
"DSWP2006","1",0.4472
"DSWP2006","2",0.4661
"DSWP2006","3",0.2241
"DSWP2006","4",0.2117
"DSWP2007","1",0.4734
"DSWP2007","2",0.4146
"DSWP2007","3",0.1743
"DSWP2007","4",0.1835
"DSWP2008","1",0.4204
"DSWP2008","2",0.3942
"DSWP2008","3",0.1971
"DSWP2008","4",0.1757
"DSWP2009","1",0.4352
"DSWP2009","2",0.419
"DSWP2009","3",0.1982
"DSWP2009","4",0.1749
"DSWP2010","1",0.4246
"DSWP2010","2",0.4106
"DSWP2010","3",0.1908
"DSWP2010","4",0.1836
"DSWP2011","1",0.4069
"DSWP2011","2",0.3877
"DSWP2011","3",0.1719
"DSWP2011","4",0.1773
"DSWP2012","1",0.4051
"DSWP2012","2",0.3864
"DSWP2012","3",0.1873
"DSWP2012","4",0.1795
"DSWP2013","1",0.2425
"DSWP2013","2",0.2214
"DSWP2013","3",0.2288
"DSWP2013","4",0.2296
"DSWP2013","5",0.2365
"DSWP2014","1",0.0392
"DSWP2014","2",0.0403
"DSWP2014","3",0.0439
"DSWP2014","4",0.05
"DSWP2014","5",0.0407
"DSWP2014","6",0.1032
"DSWP2014","7",0.0411
"DSWP2014","8",0.089
"DSWP2015","1",0.4699
"DSWP2015","2",0.4112
"DSWP2015","3",0.1911
"DSWP2015","4",0.2101
"DSWP2016","1",0.4948
"DSWP2016","2",0.4406
"DSWP2016","3",0.2311
"DSWP2016","4",0.2059
"DSWP2017","1",0.397
"DSWP2017","2",0.3825
"DSWP2017","3",0.1633
"DSWP2017","4",0.1912
"DSWP2018","1",0.2755
"DSWP2018","2",0.2831
"DSWP2018","3",0.1746
"DSWP2018","4",0.1521
"DSWP2019","1",0.275
"DSWP2019","2",0.2804
"DSWP2019","3",0.1601
"DSWP2019","4",0.1807
"DSWP2020","1",0.2579
"DSWP2020","2",0.282
"DSWP2020","3",0.1687
"DSWP2020","4",0.1549
"DSWP2021","1",0.1555
"DSWP2021","2",0.1415
"DSWP2021","3",0.1303
"DSWP2021","4",0.13
"DSWP2022","1",0.2744
"DSWP2022","2",0.2802
"DSWP2022","3",0.1734
"DSWP2022","4",0.1571
"DSWP2023","1",0.2673
"DSWP2023","2",0.2773
"DSWP2023","3",0.1724
"DSWP2023","4",0.1617
"DSWP2024","1",0.2714
"DSWP2024","2",0.2972
"DSWP2024","3",0.1657
"DSWP2024","4",0.1638
"DSWP2025","1",0.2793
"DSWP2025","2",0.279
"DSWP2025","3",0.1705
"DSWP2025","4",0.1588
"DSWP2026","1",0.1603
"DSWP2026","2",0.1569
"DSWP2026","3",0.1614
"DSWP2026","4",0.2934
"DSWP2027","1",0.3002
"DSWP2027","2",0.2999
"DSWP2027","3",0.2844
"DSWP2027","4",0.283
"DSWP2027","5",0.2999
"DSWP2028","1",0.0612
"DSWP2028","2",0.065
"DSWP2028","3",0.0735
"DSWP2028","4",0.0838
"DSWP2028","5",0.1232
"DSWP2029","1",0.1763
"DSWP2029","2",0.1556
"DSWP2029","3",0.1474
"DSWP2029","4",0.1521
"DSWP2029","5",0.1513
"DSWP2029","6",0.1575
"DSWP2029","7",0.207
"DSWP2030","1",0.2298
"DSWP2030","2",0.2815
"DSWP2030","3",0.1756
"DSWP2030","4",0.1475
"DSWP2031","1",0.221
"DSWP2031","2",0.2632
"DSWP2031","3",0.1725
"DSWP2031","4",0.1559
"DSWP2032","1",0.2405
"DSWP2032","2",0.2658
"DSWP2032","3",0.1751
"DSWP2032","4",0.1514
"DSWP2033","1",0.2487
"DSWP2033","2",0.2665
"DSWP2033","3",0.1806
"DSWP2033","4",0.1466
"DSWP2034","1",0.2556
"DSWP2034","2",0.2705
"DSWP2034","3",0.1683
"DSWP2034","4",0.1555
"DSWP2035","1",0.2507
"DSWP2035","2",0.2709
"DSWP2035","3",0.1883
"DSWP2035","4",0.1395
"DSWP2036","1",0.2615
"DSWP2036","2",0.2854
"DSWP2036","3",0.1758
"DSWP2036","4",0.1564
"DSWP2643","1",0.094
"DSWP2643","2",0.074
"DSWP2643","3",0.063
"DSWP2643","4",0.069
"DSWP2644","1",0.143
"DSWP2644","2",0.091
"DSWP2644","3",0.09
"DSWP2644","4",0.08
"DSWP2644","5",0.091
"DSWP2645","1",0.14
"DSWP2645","2",0.093
"DSWP2645","3",0.089
"DSWP2645","4",0.087
"DSWP2645","5",0.113
"DSWP2646","1",0.036
"DSWP2646","2",0.039
"DSWP2646","3",0.043
"DSWP2646","4",0.042
"DSWP2646","5",0.044
"DSWP2646","6",0.046
"DSWP2646","7",0.055
"DSWP2647","1",0.038
"DSWP2647","2",0.038
"DSWP2647","3",0.032
"DSWP2647","4",0.045
"DSWP2647","5",0.038
"DSWP2647","6",0.038
"DSWP2647","7",0.039
"DSWP2647","8",0.043
"DSWP2650","1",0.091
"DSWP2650","2",0.082
"DSWP2650","3",0.081
"DSWP2650","4",0.102
"DSWP2651","1",0.039
"DSWP2651","2",0.034
"DSWP2651","3",0.042
"DSWP2651","4",0.028
"DSWP2651","5",0.04
"DSWP2651","6",0.033
"DSWP2651","7",0.04
"DSWP2651","8",0.056
"DSWP2652","1",0.083
"DSWP2652","2",0.091
"DSWP2652","3",0.069
"DSWP2652","4",0.07
"DSWP2653","1",0.082
"DSWP2653","2",0.097
"DSWP2653","3",0.081
"DSWP2653","4",0.091
"DSWP2654","1",0.099
"DSWP2654","2",0.083
"DSWP2654","3",0.078
"DSWP2654","4",0.078
"DSWP2655","1",0.117
"DSWP2655","2",0.081
"DSWP2655","3",0.079
"DSWP2655","4",0.091
"DSWP2656","1",0.135
"DSWP2656","2",0.088
"DSWP2656","3",0.08
"DSWP2656","4",0.083
"DSWP2657","1",0.096
"DSWP2657","2",0.1
"DSWP2657","3",0.073
"DSWP2657","4",0.064
"DSWP2658","1",0.112
"DSWP2658","2",0.076
"DSWP2658","3",0.07
"DSWP2658","4",0.071
"DSWP2659","1",0.114
"DSWP2659","2",0.092
"DSWP2659","3",0.077
"DSWP2659","4",0.081
"DSWP2660","1",0.033
"DSWP2660","2",0.032
"DSWP2660","3",0.032
"DSWP2660","4",0.031
"DSWP2660","5",0.031
"DSWP2660","6",0.038
"DSWP2660","7",0.045
"DSWP2660","8",0.057
"DSWP2662","1",0.1
"DSWP2662","2",0.111
"DSWP2662","3",0.08
"DSWP2662","4",0.066
"DSWP2663","1",0.103
"DSWP2663","2",0.113
"DSWP2663","3",0.063
"DSWP2663","4",0.058
"DSWP2664","1",0.096
"DSWP2664","2",0.109
"DSWP2664","3",0.067
"DSWP2664","4",0.06
"DSWP2665","1",0.107
"DSWP2665","2",0.107
"DSWP2665","3",0.064
"DSWP2665","4",0.059
"DSWP2666","1",0.095
"DSWP2666","2",0.123
"DSWP2666","3",0.063
"DSWP2666","4",0.058
"DSWP2667","1",0.09
"DSWP2667","2",0.111
"DSWP2667","3",0.069
"DSWP2667","4",0.063
"DSWP2668","1",0.085
"DSWP2668","2",0.097
"DSWP2668","3",0.071
"DSWP2668","4",0.075
"DSWP2669","1",0.112
"DSWP2669","2",0.085
"DSWP2669","3",0.071
"DSWP2669","4",0.055
"DSWP2670","1",0.093
"DSWP2670","2",0.121
"DSWP2670","3",0.064
"DSWP2670","4",0.057
"DSWP2671","1",0.105
"DSWP2671","2",0.098
"DSWP2671","3",0.08
"DSWP2671","4",0.078
"DSWP2672","1",0.105
"DSWP2672","2",0.084
"DSWP2672","3",0.073
"DSWP2672","4",0.087
"DSWP2673","1",0.081
"DSWP2673","2",0.077
"DSWP2673","3",0.074
"DSWP2673","4",0.08
"DSWP2674","1",0.135
"DSWP2674","2",0.09
"DSWP2674","3",0.077
"DSWP2674","4",0.078
"DSWP2675","1",0.103
"DSWP2675","2",0.087
"DSWP2675","3",0.087
"DSWP2675","4",0.092
"DSWP2676","1",0.092
"DSWP2676","2",0.086
"DSWP2676","3",0.081
"DSWP2676","4",0.08
"DSWP2677","1",0.036
"DSWP2677","2",0.04
"DSWP2677","3",0.049
"DSWP2677","4",0.053
"DSWP2677","5",0.058
"DSWP2677","6",0.068
"DSWP2678","1",0.064
"DSWP2678","2",0.038
"DSWP2678","3",0.042
"DSWP2678","4",0.052
"DSWP2678","5",0.032
"DSWP2678","6",0.06
"DSWP2678","7",0.074
"DSWP2679","1",0.108
"DSWP2679","2",0.101
"DSWP2679","3",0.061
"DSWP2679","4",0.056
"DSWP2680","1",0.118
"DSWP2680","2",0.078
"DSWP2680","3",0.08
"DSWP2680","4",0.085
"DSWP2681","1",0.105
"DSWP2681","2",0.082
"DSWP2681","3",0.081
"DSWP2681","4",0.086
"DSWP2682","1",0.116
"DSWP2682","2",0.076
"DSWP2682","3",0.073
"DSWP2682","4",0.077
"DSWP2683","1",0.084
"DSWP2683","2",0.082
"DSWP2683","3",0.089
"DSWP2683","4",0.078
"DSWP2684","1",0.118
"DSWP2684","2",0.082
"DSWP2684","3",0.072
"DSWP2684","4",0.091
"DSWP2685","1",0.127
"DSWP2685","2",0.099
"DSWP2685","3",0.067
"DSWP2685","4",0.059
"DSWP2686","1",0.102
"DSWP2686","2",0.083
"DSWP2686","3",0.078
"DSWP2686","4",0.084
"DSWP2686","5",0.1
"DSWP2687","1",0.035
"DSWP2687","2",0.038
"DSWP2687","3",0.036
"DSWP2687","4",0.037
"DSWP2687","5",0.036
"DSWP2687","6",0.063
"DSWP2687","7",0.054
"DSWP2688","1",0.035
"DSWP2688","2",0.037
"DSWP2688","3",0.036
"DSWP2688","4",0.038
"DSWP2688","5",0.05
"DSWP2688","6",0.053
"DSWP2688","7",0.059
"DSWP2689","1",0.038
"DSWP2689","2",0.042
"DSWP2689","3",0.043
"DSWP2689","4",0.043
"DSWP2689","5",0.048
"DSWP2689","6",0.059
"DSWP2689","7",0.104
"DSWP2690","1",0.039
"DSWP2690","2",0.038
"DSWP2690","3",0.037
"DSWP2690","4",0.039
"DSWP2690","5",0.042
"DSWP2690","6",0.049
"DSWP2690","7",0.062
"DSWP2690","8",0.078
"DSWP2698","1",0.063
"DSWP2698","2",0.076
"DSWP2698","3",0.091
"DSWP2699","1",0.255
"DSWP2699","2",0.172
"DSWP2699","3",0.121
"DSWP2700","1",0.346
"DSWP2700","2",0.35
"DSWP2700","3",0.218
"DSWP2700","4",0.17
"DSWP2701","1",0.342
"DSWP2701","2",0.283
"DSWP2701","3",0.222
"DSWP2701","4",0.153
"DSWP2702","1",0.327
"DSWP2702","2",0.309
"DSWP2702","3",0.204
"DSWP2702","4",0.157
"DSWP2703","1",0.306
"DSWP2703","2",0.291
"DSWP2703","3",0.184
"DSWP2703","4",0.143
"DSWP2704","1",0.287
"DSWP2704","2",0.281
"DSWP2704","3",0.214
"DSWP2704","4",0.142
"DSWP2705","1",0.329
"DSWP2705","2",0.32
"DSWP2705","3",0.229
"DSWP2705","4",0.156
"DSWP2706","1",0.369
"DSWP2706","2",0.335
"DSWP2706","3",0.197
"DSWP2706","4",0.165
"DSWP2707","1",0.393
"DSWP2707","2",0.366
"DSWP2707","3",0.226
"DSWP2707","4",0.18
"DSWP2708","1",0.38
"DSWP2708","2",0.367
"DSWP2708","3",0.215
"DSWP2708","4",0.181
"DSWP2709","1",0.12
"DSWP2709","2",0.128
"DSWP2709","3",0.129
"DSWP2709","4",0.135
"DSWP2710","1",0.267
"DSWP2710","2",0.246
"DSWP2710","3",0.169
"DSWP2710","4",0.132
"DSWP2711","1",0.242
"DSWP2711","2",0.231
"DSWP2711","3",0.171
"DSWP2711","4",0.145
"DSWP2712","1",0.333
"DSWP2712","2",0.328
"DSWP2712","3",0.184
"DSWP2712","4",0.157
"DSWP2713","1",0.432
"DSWP2713","2",0.417
"DSWP2713","3",0.201
"DSWP2713","4",0.19
"DSWP2714","1",0.446
"DSWP2714","2",0.404
"DSWP2714","3",0.18
"DSWP2714","4",0.2
"DSWP2715","1",0.43
"DSWP2715","2",0.38
"DSWP2715","3",0.207
"DSWP2715","4",0.195
"DSWP2716","1",0.424
"DSWP2716","2",0.399
"DSWP2716","3",0.18
"DSWP2716","4",0.165
"DSWP2717","1",0.408
"DSWP2717","2",0.38
"DSWP2717","3",0.183
"DSWP2717","4",0.168
"DSWP2718","1",0.392
"DSWP2718","2",0.361
"DSWP2718","3",0.203
"DSWP2718","4",0.169
"DSWP2719","1",0.429
"DSWP2719","2",0.415
"DSWP2719","3",0.176
"DSWP2719","4",0.172
"DSWP2720","1",0.418
"DSWP2720","2",0.372
"DSWP2720","3",0.196
"DSWP2720","4",0.143
"DSWP2721","1",0.327
"DSWP2721","2",0.304
"DSWP2721","3",0.22
"DSWP2721","4",0.171
"DSWP2722","1",0.33
"DSWP2722","2",0.312
"DSWP2722","3",0.209
"DSWP2722","4",0.132
"DSWP2723","1",0.288
"DSWP2723","2",0.284
"DSWP2723","3",0.2
"DSWP2723","4",0.145
"DSWP2724","1",0.241
"DSWP2724","2",0.256
"DSWP2724","3",0.191
"DSWP2724","4",0.14
"DSWP2725","1",0.118
"DSWP2725","2",0.142
"DSWP2725","3",0.13
"DSWP2725","4",0.127
"DSWP2726","1",0.276
"DSWP2726","2",0.282
"DSWP2726","3",0.178
"DSWP2726","4",0.147
"DSWP2727","1",0.293
"DSWP2727","2",0.29
"DSWP2727","3",0.22
"DSWP2727","4",0.143
"DSWP2728","1",0.32
"DSWP2728","2",0.305
"DSWP2728","3",0.211
"DSWP2728","4",0.153
"DSWP2729","1",0.385
"DSWP2729","2",0.356
"DSWP2729","3",0.255
"DSWP2729","4",0.178
"DSWP2730","1",0.392
"DSWP2730","2",0.344
"DSWP2730","3",0.222
"DSWP2730","4",0.164
"DSWP2731","1",0.182
"DSWP2731","2",0.161
"DSWP2731","3",0.142
"DSWP2731","4",0.143
"DSWP2732","1",0.441
"DSWP2732","2",0.383
"DSWP2732","3",0.165
"DSWP2732","4",0.153
"DSWP2733","1",0.418
"DSWP2733","2",0.402
"DSWP2733","3",0.163
"DSWP2733","4",0.182
"DSWP2734","1",0.359
"DSWP2734","2",0.302
"DSWP2734","3",0.234
"DSWP2734","4",0.166
"DSWP2735","1",0.034
"DSWP2735","2",0.053
"DSWP2735","3",0.064
"DSWP2735","4",0.068
"DSWP2735","5",0.104
"DSWP2736","1",0.036
"DSWP2736","2",0.134
"DSWP2736","3",0.134
"DSWP2736","4",0.144
"DSWP2736","5",0.132
"DSWP2737","1",0.399
"DSWP2737","2",0.382
"DSWP2737","3",0.222
"DSWP2737","4",0.174
"DSWP2737","5",0.224
"DSWP2738","1",0.029
"DSWP2738","2",0.058
"DSWP2738","3",0.058
"DSWP2738","4",0.062
"DSWP2738","5",0.079
"DSWP2738","6",0.044
"DSWP2738","7",0.045
"DSWP2739","1",0.133
"DSWP2739","2",0.094
"DSWP2739","3",0.081
"DSWP2739","4",0.075
"DSWP2739","5",0.083
"DSWP2739","6",0.086
"DSWP2739","7",0.112
"DSWP2741","1",0.106
"DSWP2741","2",0.077
"DSWP2741","3",0.074
"DSWP2741","4",0.084
"DSWP2742","1",0.11
"DSWP2742","2",0.077
"DSWP2742","3",0.074
"DSWP2742","4",0.075
"DSWP2743","1",0.105
"DSWP2743","2",0.084
"DSWP2743","3",0.09
"DSWP2743","4",0.081
"DSWP2744","1",0.114
"DSWP2744","2",0.078
"DSWP2744","3",0.073
"DSWP2744","4",0.067
"DSWP2745","1",0.107
"DSWP2745","2",0.077
"DSWP2745","3",0.07
"DSWP2745","4",0.081
"DSWP2746","1",0.108
"DSWP2746","2",0.09
"DSWP2746","3",0.07
"DSWP2746","4",0.07
"DSWP2747","1",0.109
"DSWP2747","2",0.091
"DSWP2747","3",0.074
"DSWP2747","4",0.075
"DSWP2748","1",0.111
"DSWP2748","2",0.089
"DSWP2748","3",0.071
"DSWP2748","4",0.07
"DSWP2749","1",0.117
"DSWP2749","2",0.097
"DSWP2749","3",0.078
"DSWP2749","4",0.069
"DSWP2750","1",0.053
"DSWP2750","2",0.054
"DSWP2750","3",0.059
"DSWP2750","4",0.066
"DSWP2750","5",0.074
"DSWP2751","1",0.034
"DSWP2751","2",0.034
"DSWP2751","3",0.036
"DSWP2751","4",0.04
"DSWP2751","5",0.042
"DSWP2751","6",0.049
"DSWP2751","7",0.053
"DSWP2752","1",0.052
"DSWP2752","2",0.032
"DSWP2752","3",0.033
"DSWP2752","4",0.033
"DSWP2752","5",0.034
"DSWP2752","6",0.035
"DSWP2752","7",0.039
"DSWP2753","1",0.032
"DSWP2753","2",0.033
"DSWP2753","3",0.032
"DSWP2753","4",0.036
"DSWP2753","5",0.05
"DSWP2753","6",0.058
"DSWP2753","7",0.074
"DSWP2754","1",0.034
"DSWP2754","2",0.034
"DSWP2754","3",0.036
"DSWP2754","4",0.041
"DSWP2754","5",0.042
"DSWP2754","6",0.044
"DSWP2754","7",0.046
"DSWP2754","8",0.092
"DSWP2755","1",0.034
"DSWP2755","2",0.035
"DSWP2755","3",0.032
"DSWP2755","4",0.041
"DSWP2755","5",0.037
"DSWP2755","6",0.041
"DSWP2755","7",0.057
"DSWP2755","8",0.062
"DSWP2757","1",0.259
"DSWP2757","2",0.145
"DSWP2757","3",0.153
"DSWP2758","1",0.043
"DSWP2758","2",0.053
"DSWP2758","3",0.071
"DSWP2759","1",0.028
"DSWP2759","2",0.031
"DSWP2759","3",0.068
"DSWP2760","1",0.399
"DSWP2760","2",0.357
"DSWP2760","3",0.176
"DSWP2760","4",0.18
"DSWP2761","1",0.175
"DSWP2761","2",0.184
"DSWP2761","3",0.155
"DSWP2761","4",0.145
"DSWP2762","1",0.277
"DSWP2762","2",0.255
"DSWP2762","3",0.158
"DSWP2762","4",0.167
"DSWP2763","1",0.283
"DSWP2763","2",0.25
"DSWP2763","3",0.161
"DSWP2763","4",0.148
"DSWP2764","1",0.269
"DSWP2764","2",0.24
"DSWP2764","3",0.166
"DSWP2764","4",0.157
"DSWP2765","1",0.262
"DSWP2765","2",0.235
"DSWP2765","3",0.157
"DSWP2765","4",0.151
"DSWP2766","1",0.261
"DSWP2766","2",0.244
"DSWP2766","3",0.155
"DSWP2766","4",0.163
"DSWP2767","1",0.35
"DSWP2767","2",0.333
"DSWP2767","3",0.176
"DSWP2767","4",0.179
"DSWP2768","1",0.263
"DSWP2768","2",0.311
"DSWP2768","3",0.168
"DSWP2768","4",0.179
"DSWP2769","1",0.323
"DSWP2769","2",0.319
"DSWP2769","3",0.17
"DSWP2769","4",0.164
"DSWP2770","1",0.043
"DSWP2770","2",0.055
"DSWP2770","3",0.065
"DSWP2770","4",0.045
"DSWP2771","1",0.047
"DSWP2771","2",0.055
"DSWP2771","3",0.065
"DSWP2771","4",0.082
"DSWP2772","1",0.048
"DSWP2772","2",0.053
"DSWP2772","3",0.062
"DSWP2772","4",0.072
"DSWP2773","1",0.263
"DSWP2773","2",0.259
"DSWP2773","3",0.158
"DSWP2773","4",0.144
"DSWP2774","1",0.25
"DSWP2774","2",0.267
"DSWP2774","3",0.163
"DSWP2774","4",0.147
"DSWP2775","1",0.223
"DSWP2775","2",0.248
"DSWP2775","3",0.166
"DSWP2775","4",0.135
"DSWP2776","1",0.207
"DSWP2776","2",0.252
"DSWP2776","3",0.163
"DSWP2776","4",0.135
"DSWP2777","1",0.244
"DSWP2777","2",0.25
"DSWP2777","3",0.167
"DSWP2777","4",0.156
"DSWP2778","1",0.274
"DSWP2778","2",0.23
"DSWP2778","3",0.169
"DSWP2778","4",0.156
"DSWP2779","1",0.36
"DSWP2779","2",0.379
"DSWP2779","3",0.153
"DSWP2779","4",0.16
"DSWP2780","1",0.374
"DSWP2780","2",0.39
"DSWP2780","3",0.184
"DSWP2780","4",0.178
"DSWP2781","1",0.427
"DSWP2781","2",0.394
"DSWP2781","3",0.2
"DSWP2781","4",0.204
"DSWP2782","1",0.442
"DSWP2782","2",0.41
"DSWP2782","3",0.218
"DSWP2782","4",0.211
"DSWP2783","1",0.413
"DSWP2783","2",0.419
"DSWP2783","3",0.197
"DSWP2783","4",0.207
"DSWP2784","1",0.411
"DSWP2784","2",0.398
"DSWP2784","3",0.179
"DSWP2784","4",0.202
"DSWP2785","1",0.41
"DSWP2785","2",0.402
"DSWP2785","3",0.187
"DSWP2785","4",0.191
"DSWP2786","1",0.368
"DSWP2786","2",0.358
"DSWP2786","3",0.196
"DSWP2786","4",0.153
"DSWP2787","1",0.346
"DSWP2787","2",0.311
"DSWP2787","3",0.201
"DSWP2787","4",0.148
"DSWP2788","1",0.331
"DSWP2788","2",0.329
"DSWP2788","3",0.177
"DSWP2788","4",0.136
"DSWP2789","1",0.325
"DSWP2789","2",0.323
"DSWP2789","3",0.179
"DSWP2789","4",0.156
"DSWP2790","1",0.287
"DSWP2790","2",0.311
"DSWP2790","3",0.178
"DSWP2790","4",0.144
"DSWP2791","1",0.267
"DSWP2791","2",0.281
"DSWP2791","3",0.192
"DSWP2791","4",0.146
"DSWP2792","1",0.276
"DSWP2792","2",0.289
"DSWP2792","3",0.188
"DSWP2792","4",0.145
"DSWP2793","1",0.271
"DSWP2793","2",0.285
"DSWP2793","3",0.19
"DSWP2793","4",0.145
"DSWP2794","1",0.272
"DSWP2794","2",0.299
"DSWP2794","3",0.2
"DSWP2794","4",0.147
"DSWP2795","1",0.25
"DSWP2795","2",0.23
"DSWP2795","3",0.169
"DSWP2795","4",0.125
"DSWP2796","1",0.209
"DSWP2796","2",0.205
"DSWP2796","3",0.14
"DSWP2796","4",0.142
"DSWP2797","1",0.219
"DSWP2797","2",0.204
"DSWP2797","3",0.152
"DSWP2797","4",0.145
"DSWP2798","1",0.239
"DSWP2798","2",0.227
"DSWP2798","3",0.146
"DSWP2798","4",0.15
"DSWP2799","1",0.351
"DSWP2799","2",0.344
"DSWP2799","3",0.213
"DSWP2799","4",0.167
"DSWP2800","1",0.34
"DSWP2800","2",0.312
"DSWP2800","3",0.202
"DSWP2800","4",0.168
"DSWP2801","1",0.324
"DSWP2801","2",0.266
"DSWP2801","3",0.196
"DSWP2801","4",0.145
"DSWP2802","1",0.435
"DSWP2802","2",0.415
"DSWP2802","3",0.201
"DSWP2802","4",0.226
"DSWP2803","1",0.343
"DSWP2803","2",0.302
"DSWP2803","3",0.188
"DSWP2803","4",0.17
"DSWP2804","1",0.232
"DSWP2804","2",0.176
"DSWP2804","3",0.137
"DSWP2804","4",0.134
"DSWP2805","1",0.32
"DSWP2805","2",0.253
"DSWP2805","3",0.161
"DSWP2805","4",0.146
"DSWP2806","1",0.407
"DSWP2806","2",0.39
"DSWP2806","3",0.178
"DSWP2806","4",0.171
"DSWP2807","1",0.403
"DSWP2807","2",0.363
"DSWP2807","3",0.22
"DSWP2807","4",0.162
"DSWP2808","1",0.422
"DSWP2808","2",0.342
"DSWP2808","3",0.244
"DSWP2808","4",0.166
"DSWP2809","1",0.38
"DSWP2809","2",0.401
"DSWP2809","3",0.202
"DSWP2809","4",0.162
"DSWP2810","1",0.364
"DSWP2810","2",0.377
"DSWP2810","3",0.229
"DSWP2810","4",0.174
"DSWP2811","1",0.357
"DSWP2811","2",0.337
"DSWP2811","3",0.207
"DSWP2811","4",0.179
"DSWP2812","1",0.146
"DSWP2812","2",0.111
"DSWP2812","3",0.141
"DSWP2812","4",0.297
"DSWP2813","1",0.284
"DSWP2813","2",0.249
"DSWP2813","3",0.182
"DSWP2813","4",0.153
"DSWP2814","1",0.204
"DSWP2814","2",0.247
"DSWP2814","3",0.164
"DSWP2814","4",0.123
"DSWP2815","1",0.27
"DSWP2815","2",0.242
"DSWP2815","3",0.175
"DSWP2815","4",0.142
"DSWP2816","1",0.275
"DSWP2816","2",0.223
"DSWP2816","3",0.168
"DSWP2816","4",0.137
"DSWP2817","1",0.236
"DSWP2817","2",0.28
"DSWP2817","3",0.152
"DSWP2817","4",0.161
"DSWP2818","1",0.259
"DSWP2818","2",0.227
"DSWP2818","3",0.173
"DSWP2818","4",0.147
"DSWP2819","1",0.378
"DSWP2819","2",0.335
"DSWP2819","3",0.187
"DSWP2819","4",0.169
"DSWP2820","1",0.32
"DSWP2820","2",0.307
"DSWP2820","3",0.167
"DSWP2820","4",0.16
"DSWP2821","1",0.349
"DSWP2821","2",0.319
"DSWP2821","3",0.159
"DSWP2821","4",0.15
"DSWP2822","1",0.369
"DSWP2822","2",0.36
"DSWP2822","3",0.149
"DSWP2822","4",0.145
"DSWP2823","1",0.38
"DSWP2823","2",0.328
"DSWP2823","3",0.17
"DSWP2823","4",0.154
"DSWP2824","1",0.373
"DSWP2824","2",0.332
"DSWP2824","3",0.154
"DSWP2824","4",0.149
"DSWP2825","1",0.369
"DSWP2825","2",0.361
"DSWP2825","3",0.162
"DSWP2825","4",0.14
"DSWP2826","1",0.055
"DSWP2826","2",0.123
"DSWP2826","3",0.119
"DSWP2826","4",0.115
"DSWP2827","1",0.249
"DSWP2827","2",0.264
"DSWP2827","3",0.186
"DSWP2827","4",0.121
"DSWP2828","1",0.226
"DSWP2828","2",0.215
"DSWP2828","3",0.203
"DSWP2828","4",0.135
"DSWP2829","1",0.278
"DSWP2829","2",0.264
"DSWP2829","3",0.166
"DSWP2829","4",0.163
"DSWP2830","1",0.37
"DSWP2830","2",0.352
"DSWP2830","3",0.166
"DSWP2830","4",0.172
"DSWP2831","1",0.381
"DSWP2831","2",0.342
"DSWP2831","3",0.161
"DSWP2831","4",0.169
"DSWP2832","1",0.374
"DSWP2832","2",0.361
"DSWP2832","3",0.158
"DSWP2832","4",0.17
"DSWP2833","1",0.376
"DSWP2833","2",0.362
"DSWP2833","3",0.169
"DSWP2833","4",0.182
"DSWP2834","1",0.388
"DSWP2834","2",0.368
"DSWP2834","3",0.164
"DSWP2834","4",0.183
"DSWP2835","1",0.426
"DSWP2835","2",0.387
"DSWP2835","3",0.214
"DSWP2835","4",0.189
"DSWP2836","1",0.422
"DSWP2836","2",0.389
"DSWP2836","3",0.177
"DSWP2836","4",0.144
"DSWP2837","1",0.417
"DSWP2837","2",0.34
"DSWP2837","3",0.205
"DSWP2837","4",0.19
"DSWP2838","1",0.429
"DSWP2838","2",0.394
"DSWP2838","3",0.166
"DSWP2838","4",0.172
"DSWP2839","1",0.368
"DSWP2839","2",0.419
"DSWP2839","3",0.173
"DSWP2839","4",0.18
"DSWP2840","1",0.421
"DSWP2840","2",0.397
"DSWP2840","3",0.222
"DSWP2840","4",0.186
"DSWP2841","1",0.452
"DSWP2841","2",0.426
"DSWP2841","3",0.215
"DSWP2841","4",0.19
"DSWP2842","1",0.263
"DSWP2842","2",0.292
"DSWP2842","3",0.169
"DSWP2842","4",0.16
"DSWP2843","1",0.255
"DSWP2843","2",0.299
"DSWP2843","3",0.149
"DSWP2843","4",0.134
"DSWP2844","1",0.24
"DSWP2844","2",0.248
"DSWP2844","3",0.171
"DSWP2844","4",0.145
"DSWP2845","1",0.246
"DSWP2845","2",0.253
"DSWP2845","3",0.168
"DSWP2845","4",0.149
"DSWP2846","1",0.24
"DSWP2846","2",0.244
"DSWP2846","3",0.165
"DSWP2846","4",0.154
"DSWP2847","1",0.353
"DSWP2847","2",0.326
"DSWP2847","3",0.146
"DSWP2847","4",0.155
"DSWP2848","1",0.344
"DSWP2848","2",0.325
"DSWP2848","3",0.185
"DSWP2848","4",0.141
"DSWP2849","1",0.423
"DSWP2849","2",0.404
"DSWP2849","3",0.186
"DSWP2849","4",0.196
"DSWP2850","1",0.436
"DSWP2850","2",0.401
"DSWP2850","3",0.185
"DSWP2850","4",0.203
"DSWP2851","1",0.441
"DSWP2851","2",0.413
"DSWP2851","3",0.211
"DSWP2851","4",0.208
"DSWP2852","1",0.435
"DSWP2852","2",0.424
"DSWP2852","3",0.219
"DSWP2852","4",0.205
"DSWP2853","1",0.36
"DSWP2853","2",0.348
"DSWP2853","3",0.184
"DSWP2853","4",0.177
"DSWP2854","1",0.272
"DSWP2854","2",0.24
"DSWP2854","3",0.149
"DSWP2854","4",0.152
"DSWP2855","1",0.291
"DSWP2855","2",0.26
"DSWP2855","3",0.151
"DSWP2855","4",0.164
"DSWP2856","1",0.324
"DSWP2856","2",0.302
"DSWP2856","3",0.205
"DSWP2856","4",0.163
"DSWP2857","1",0.395
"DSWP2857","2",0.358
"DSWP2857","3",0.153
"DSWP2857","4",0.185
"DSWP2858","1",0.38
"DSWP2858","2",0.361
"DSWP2858","3",0.172
"DSWP2858","4",0.178
"DSWP2859","1",0.204
"DSWP2859","2",0.219
"DSWP2859","3",0.143
"DSWP2859","4",0.145
"DSWP2860","1",0.219
"DSWP2860","2",0.27
"DSWP2860","3",0.177
"DSWP2860","4",0.124
"DSWP2861","1",0.364
"DSWP2861","2",0.245
"DSWP2861","3",0.191
"DSWP2861","4",0.18
"DSWP2862","1",0.421
"DSWP2862","2",0.367
"DSWP2862","3",0.178
"DSWP2862","4",0.197
"DSWP2863","1",0.421
"DSWP2863","2",0.376
"DSWP2863","3",0.186
"DSWP2863","4",0.201
"DSWP2864","1",0.116
"DSWP2864","2",0.126
"DSWP2864","3",0.125
"DSWP2864","4",0.135
"DSWP2865","1",0.117
"DSWP2865","2",0.132
"DSWP2865","3",0.115
"DSWP2865","4",0.133
"DSWP2866","1",0.381
"DSWP2866","2",0.361
"DSWP2866","3",0.139
"DSWP2866","4",0.159
"DSWP2867","1",0.413
"DSWP2867","2",0.349
"DSWP2867","3",0.154
"DSWP2867","4",0.163
"DSWP2868","1",0.41
"DSWP2868","2",0.358
"DSWP2868","3",0.142
"DSWP2868","4",0.159
"DSWP2869","1",0.4
"DSWP2869","2",0.349
"DSWP2869","3",0.141
"DSWP2869","4",0.149
"DSWP2870","1",0.421
"DSWP2870","2",0.347
"DSWP2870","3",0.168
"DSWP2870","4",0.163
"DSWP2871","1",0.417
"DSWP2871","2",0.356
"DSWP2871","3",0.199
"DSWP2871","4",0.161
"DSWP2872","1",0.402
"DSWP2872","2",0.39
"DSWP2872","3",0.196
"DSWP2872","4",0.178
"DSWP2873","1",0.297
"DSWP2873","2",0.291
"DSWP2873","3",0.163
"DSWP2873","4",0.147
"DSWP2874","1",0.272
"DSWP2874","2",0.272
"DSWP2874","3",0.187
"DSWP2874","4",0.152
"DSWP2875","1",0.356
"DSWP2875","2",0.35
"DSWP2875","3",0.179
"DSWP2875","4",0.19
"DSWP2876","1",0.304
"DSWP2876","2",0.327
"DSWP2876","3",0.161
"DSWP2876","4",0.168
"DSWP2877","1",0.391
"DSWP2877","2",0.364
"DSWP2877","3",0.183
"DSWP2877","4",0.175
"DSWP2878","1",0.408
"DSWP2878","2",0.39
"DSWP2878","3",0.219
"DSWP2878","4",0.173
"DSWP2879","1",0.411
"DSWP2879","2",0.398
"DSWP2879","3",0.139
"DSWP2879","4",0.18
"DSWP2880","1",0.412
"DSWP2880","2",0.396
"DSWP2880","3",0.159
"DSWP2880","4",0.178
"DSWP2881","1",0.043
"DSWP2881","2",0.046
"DSWP2881","3",0.05
"DSWP2881","4",0.056
"DSWP2881","5",0.067
"DSWP2882","1",0.027
"DSWP2882","2",0.029
"DSWP2882","3",0.033
"DSWP2882","4",0.049
"DSWP2882","5",0.05
"DSWP2883","1",0.256
"DSWP2883","2",0.247
"DSWP2883","3",0.153
"DSWP2883","4",0.124
"DSWP2883","5",0.155
"DSWP2884","1",0.237
"DSWP2884","2",0.242
"DSWP2884","3",0.199
"DSWP2884","4",0.133
"DSWP2884","5",0.211
"DSWP2885","1",0.378
"DSWP2885","2",0.292
"DSWP2885","3",0.15
"DSWP2885","4",0.101
"DSWP2885","5",0.11
"DSWP2886","1",0.338
"DSWP2886","2",0.265
"DSWP2886","3",0.203
"DSWP2886","4",0.125
"DSWP2886","5",0.176
"DSWP2887","1",0.165
"DSWP2887","2",0.073
"DSWP2887","3",0.078
"DSWP2887","4",0.079
"DSWP2887","5",0.087
"DSWP2887","6",0.112
"DSWP2888","1",0.142
"DSWP2888","2",0.095
"DSWP2888","3",0.087
"DSWP2888","4",0.07
"DSWP2888","5",0.064
"DSWP2888","6",0.063
"DSWP2889","1",0.034
"DSWP2889","2",0.035
"DSWP2889","3",0.045
"DSWP2889","4",0.059
"DSWP2889","5",0.063
"DSWP2889","6",0.085
"DSWP2890","1",0.049
"DSWP2890","2",0.059
"DSWP2890","3",0.065
"DSWP2890","4",0.069
"DSWP2890","5",0.076
"DSWP2890","6",0.185
"DSWP2891","1",0.24
"DSWP2891","2",0.234
"DSWP2891","3",0.154
"DSWP2891","4",0.123
"DSWP2891","5",0.114
"DSWP2891","6",0.133
"DSWP2892","1",0.095
"DSWP2892","2",0.078
"DSWP2892","3",0.079
"DSWP2892","4",0.091
"DSWP2892","5",0.102
"DSWP2892","6",0.142
"DSWP2893","1",0.154
"DSWP2893","2",0.1
"DSWP2893","3",0.087
"DSWP2893","4",0.088
"DSWP2893","5",0.088
"DSWP2893","6",0.119
"DSWP2894","1",0.132
"DSWP2894","2",0.094
"DSWP2894","3",0.076
"DSWP2894","4",0.075
"DSWP2894","5",0.089
"DSWP2894","6",0.111
"DSWP2895","1",0.264
"DSWP2895","2",0.221
"DSWP2895","3",0.141
"DSWP2895","4",0.125
"DSWP2895","5",0.114
"DSWP2895","6",0.131
"DSWP2896","1",0.386
"DSWP2896","2",0.321
"DSWP2896","3",0.162
"DSWP2896","4",0.135
"DSWP2896","5",0.121
"DSWP2896","6",0.133
"DSWP2897","1",0.269
"DSWP2897","2",0.216
"DSWP2897","3",0.143
"DSWP2897","4",0.113
"DSWP2897","5",0.11
"DSWP2897","6",0.125
"DSWP2897","7",0.247
"DSWP2898","1",0.161
"DSWP2898","2",0.091
"DSWP2898","3",0.079
"DSWP2898","4",0.078
"DSWP2898","5",0.083
"DSWP2898","6",0.089
"DSWP2898","7",0.118
"DSWP2899","1",0.428
"DSWP2899","2",0.391
"DSWP2899","3",0.168
"DSWP2899","4",0.143
"DSWP2899","5",0.124
"DSWP2899","6",0.141
"DSWP2899","7",0.155
"DSWP2900","1",0.118
"DSWP2900","2",0.078
"DSWP2900","3",0.115
"DSWP2900","4",0.067
"DSWP2900","5",0.063
"DSWP2900","6",0.099
"DSWP2900","7",0.1
"DSWP2900","8",0.128
"DSWP2901","1",0.107
"DSWP2901","2",0.078
"DSWP2901","3",0.07
"DSWP2901","4",0.073
"DSWP2901","5",0.076
"DSWP2901","6",0.083
"DSWP2901","7",0.095
"DSWP2901","8",0.114
"DSWP2902","1",0.297
"DSWP2902","2",0.264
"DSWP2902","3",0.157
"DSWP2902","4",0.161
"DSWP2903","1",0.461
"DSWP2903","2",0.348
"DSWP2903","3",0.188
"DSWP2903","4",0.186
"DSWP2904","1",0.118
"DSWP2904","2",0.116
"DSWP2904","3",0.115
"DSWP2904","4",0.128
"DSWP2905","1",0.121
"DSWP2905","2",0.142
"DSWP2905","3",0.132
"DSWP2905","4",0.129
"DSWP2906","1",0.393
"DSWP2906","2",0.363
"DSWP2906","3",0.153
"DSWP2906","4",0.162
"DSWP2907","1",0.261
"DSWP2907","2",0.259
"DSWP2907","3",0.169
"DSWP2907","4",0.142
"DSWP2908","1",0.453
"DSWP2908","2",0.373
"DSWP2908","3",0.187
"DSWP2908","4",0.205
"DSWP2909","1",0.446
"DSWP2909","2",0.367
"DSWP2909","3",0.195
"DSWP2909","4",0.155
"DSWP2910","1",0.221
"DSWP2910","2",0.231
"DSWP2910","3",0.226
"DSWP2910","4",0.134
"DSWP2910","5",0.145
"DSWP2911","1",0.131
"DSWP2911","2",0.083
"DSWP2911","3",0.068
"DSWP2911","4",0.048
"DSWP2912","1",0.284
"DSWP2912","2",0.229
"DSWP2912","3",0.268
"DSWP2912","4",0.2
"DSWP2913","1",0.317
"DSWP2913","2",0.319
"DSWP2913","3",0.192
"DSWP2913","4",0.141
"DSWP2914","1",0.318
"DSWP2914","2",0.327
"DSWP2914","3",0.195
"DSWP2914","4",0.147
"DSWP2915","1",0.119
"DSWP2915","2",0.082
"DSWP2915","3",0.073
"DSWP2915","4",0.066
"DSWP2916","1",0.112
"DSWP2916","2",0.086
"DSWP2916","3",0.079
"DSWP2916","4",0.068
"DSWP2917","1",0.117
"DSWP2917","2",0.101
"DSWP2917","3",0.078
"DSWP2917","4",0.062
"DSWP2918","1",0.323
"DSWP2918","2",0.31
"DSWP2918","3",0.199
"DSWP2918","4",0.16
"DSWP2919","1",0.347
"DSWP2919","2",0.358
"DSWP2919","3",0.206
"DSWP2919","4",0.158
"DSWP2920","1",0.347
"DSWP2920","2",0.35
"DSWP2920","3",0.214
"DSWP2920","4",0.167
"DSWP2921","1",0.313
"DSWP2921","2",0.38
"DSWP2921","3",0.163
"DSWP2921","4",0.151
"DSWP2922","1",0.332
"DSWP2922","2",0.34
"DSWP2922","3",0.206
"DSWP2922","4",0.156
"DSWP2923","1",0.111
"DSWP2923","2",0.104
"DSWP2923","3",0.071
"DSWP2923","4",0.08
"DSWP2923","5",0.058
"DSWP2924","1",0.282
"DSWP2924","2",0.187
"DSWP2924","3",0.148
"DSWP2924","4",0.142
"DSWP2924","5",0.122
"DSWP2924","6",0.12
"DSWP2925","1",0.276
"DSWP2925","2",0.217
"DSWP2925","3",0.149
"DSWP2925","4",0.128
"DSWP2925","5",0.124
"DSWP2925","6",0.125
"DSWP4117","1",0.3179
"DSWP4117","2",0.3074
"DSWP4117","3",0.303
"DSWP4117","4",0.3215
"DSWP4118","1",0.3109
"DSWP4118","2",0.2993
"DSWP4118","3",0.3012
"DSWP4118","4",0.3118
"DSWP4119","1",0.2814
"DSWP4119","2",0.2878
"DSWP4119","3",0.2947
"DSWP4119","4",0.2946
"DSWP4120","1",0.2687
"DSWP4120","2",0.2769
"DSWP4120","3",0.2746
"DSWP4120","4",0.2773
"DSWP4121","1",0.2585
"DSWP4121","2",0.251
"DSWP4121","3",0.2493
"DSWP4121","4",0.2776
"DSWP4122","1",0.2527
"DSWP4122","2",0.2433
"DSWP4122","3",0.2492
"DSWP4122","4",0.2651
"DSWP4123","1",0.2614
"DSWP4123","2",0.2552
"DSWP4123","3",0.2571
"DSWP4123","4",0.2505
"DSWP4124","1",0.4963
"DSWP4124","2",0.2538
"DSWP4124","3",0.2579
"DSWP4125","1",0.2489
"DSWP4125","2",0.2344
"DSWP4125","3",0.2388
"DSWP4125","4",0.2567
"DSWP4126","1",0.2569
"DSWP4126","2",0.241
"DSWP4126","3",0.2375
"DSWP4126","4",0.2494
"DSWP4127","1",0.2452
"DSWP4127","2",0.2553
"DSWP4127","3",0.241
"DSWP4127","4",0.2671
"DSWP4128","1",0.2414
"DSWP4128","2",0.2524
"DSWP4128","3",0.2506
"DSWP4128","4",0.2664
"DSWP4129","1",0.2767
"DSWP4129","2",0.2342
"DSWP4129","3",0.2347
"DSWP4129","4",0.2588
"DSWP4129","5",0.2687
"DSWP4130","1",0.0773
"DSWP4130","2",0.0835
"DSWP4130","3",0.0911
"DSWP4130","4",0.1149
"DSWP4130","5",0.2113
"DSWP4131","1",0.3146
"DSWP4131","2",0.3339
"DSWP4131","3",0.3197
"DSWP4131","4",0.357
"DSWP4132","1",0.3267
"DSWP4132","2",0.3213
"DSWP4132","3",0.3304
"DSWP4132","4",0.3389
"DSWP4133","1",0.199
"DSWP4133","2",0.179
"DSWP4133","3",0.1779
"DSWP4133","4",0.1911
"DSWP4133","5",0.1922
"DSWP4133","6",0.1862
"DSWP4133","7",0.1881
"DSWP4133","8",0.2172
"DSWP4134","1",0.339
"DSWP4134","2",0.3341
"DSWP4134","3",0.3369
"DSWP4134","4",0.3286
"DSWP4135","1",0.3422
"DSWP4135","2",0.3324
"DSWP4135","3",0.3318
"DSWP4135","4",0.3384
"DSWP4136","1",0.3284
"DSWP4136","2",0.3256
"DSWP4136","3",0.3399
"DSWP4136","4",0.3339
"DSWP4137","1",0.345
"DSWP4137","2",0.3366
"DSWP4137","3",0.3246
"DSWP4137","4",0.3383
"DSWP4138","1",0.3358
"DSWP4138","2",0.3216
"DSWP4138","3",0.3319
"DSWP4138","4",0.3371
"DSWP4139","1",0.3316
"DSWP4139","2",0.3352
"DSWP4139","3",0.3353
"DSWP4139","4",0.3387
"DSWP4140","1",0.3377
"DSWP4140","2",0.3282
"DSWP4140","3",0.3375
"DSWP4140","4",0.3376
"DSWP4141","1",0.332
"DSWP4141","2",0.3274
"DSWP4141","3",0.3423
"DSWP4141","4",0.3371
"DSWP4142","1",0.3374
"DSWP4142","2",0.329
"DSWP4142","3",0.328
"DSWP4142","4",0.3186
"DSWP4142","5",0.374
"DSWP4142","6",0.3096
"DSWP4143","1",0.3251
"DSWP4143","2",0.3041
"DSWP4143","3",0.2998
"DSWP4143","4",0.3117
"DSWP4143","5",0.3279
"DSWP4143","6",0.2699
"DSWP4144","1",0.3209
"DSWP4144","2",0.29
"DSWP4144","3",0.3244
"DSWP4144","4",0.3121
"DSWP4144","5",0.3462
"DSWP4145","1",0.3005
"DSWP4145","2",0.2934
"DSWP4145","3",0.2843
"DSWP4145","4",0.3006
"DSWP4145","5",0.2862
"DSWP4145","6",0.3092
"DSWP4146","1",0.3081
"DSWP4146","2",0.2645
"DSWP4146","3",0.2836
"DSWP4146","4",0.256
"DSWP4146","5",0.286
"DSWP4147","1",0.2627
"DSWP4147","2",0.2504
"DSWP4147","3",0.2317
"DSWP4147","4",0.2267
"DSWP4147","5",0.2436
"DSWP4147","6",0.2203
"DSWP4147","7",0.237
"DSWP4147","8",0.2445
"DSWP4148","1",0.2797
"DSWP4148","2",0.2815
"DSWP4148","3",0.2816
"DSWP4148","4",0.2823
"DSWP4149","1",0.2735
"DSWP4149","2",0.2612
"DSWP4149","3",0.2652
"DSWP4149","4",0.2537
"DSWP4150","1",0.2931
"DSWP4150","2",0.2736
"DSWP4150","3",0.2922
"DSWP4150","4",0.2944
"DSWP4151","1",0.2795
"DSWP4151","2",0.2611
"DSWP4151","3",0.2819
"DSWP4151","4",0.2867
"DSWP4152","1",0.2761
"DSWP4152","2",0.2914
"DSWP4152","3",0.2616
"DSWP4152","4",0.2639
"DSWP4152","5",0.2678
"DSWP4153","1",0.2703
"DSWP4153","2",0.2505
"DSWP4153","3",0.2511
"DSWP4153","4",0.2578
"DSWP4153","5",0.2434
"DSWP4153","6",0.2672
"DSWP4154","1",0.3083
"DSWP4154","2",0.3108
"DSWP4154","3",0.2649
"DSWP4154","4",0.3461
"DSWP4155","1",0.3049
"DSWP4155","2",0.2806
"DSWP4155","3",0.2923
"DSWP4155","4",0.3206
"DSWP4157","1",0.2955
"DSWP4157","2",0.2541
"DSWP4157","3",0.3181
"DSWP4157","4",0.2963
"DSWP4157","5",0.3356
"DSWP4157","6",0.3137
"DSWP4158","1",0.3234
"DSWP4158","2",0.3145
"DSWP4158","3",0.3278
"DSWP4158","4",0.3157
"DSWP4159","1",0.2742
"DSWP4159","2",0.2801
"DSWP4159","3",0.2794
"DSWP4159","4",0.2928
"DSWP4160","1",0.3323
"DSWP4160","2",0.3214
"DSWP4160","3",0.3325
"DSWP4160","4",0.317
"DSWP4161","1",0.2682
"DSWP4161","2",0.2821
"DSWP4161","3",0.2866
"DSWP4161","4",0.2842
"DSWP4162","1",0.3302
"DSWP4162","2",0.3326
"DSWP4162","3",0.325
"DSWP4162","4",0.3272
"DSWP4163","1",0.3326
"DSWP4163","2",0.3229
"DSWP4163","3",0.3355
"DSWP4163","4",0.3223
"DSWP4164","1",0.2709
"DSWP4164","2",0.2857
"DSWP4164","3",0.2986
"DSWP4164","4",0.3032
"DSWP4165","1",0.3421
"DSWP4165","2",0.3177
"DSWP4165","3",0.3375
"DSWP4165","4",0.3273
"DSWP4166","1",0.2589
"DSWP4166","2",0.2805
"DSWP4166","3",0.2883
"DSWP4166","4",0.275
"DSWP4167","1",0.2579
"DSWP4167","2",0.2815
"DSWP4167","3",0.2637
"DSWP4167","4",0.276
"DSWP4168","1",0.3645
"DSWP4168","2",0.3527
"DSWP4168","3",0.3619
"DSWP4168","4",0.3469
"DSWP4168","5",0.3434
"DSWP4168","6",0.3398
"DSWP4170","1",0.2891
"DSWP4170","2",0.2872
"DSWP4170","3",0.2777
"DSWP4170","4",0.2465
"DSWP4171","1",0.2076
"DSWP4171","2",0.1932
"DSWP4171","3",0.1863
"DSWP4171","4",0.1894
"DSWP4171","5",0.182
"DSWP4171","6",0.1793
"DSWP4171","7",0.1731
"DSWP4171","8",0.1861
"DSWP4172","1",0.2375
"DSWP4172","2",0.248
"DSWP4172","3",0.2397
"DSWP4172","4",0.2826
"DSWP4173","1",0.2383
"DSWP4173","2",0.2522
"DSWP4173","3",0.2543
"DSWP4173","4",0.2867
"DSWP4175","1",0.2095
"DSWP4175","2",0.1811
"DSWP4175","3",0.1938
"DSWP4175","4",0.1782
"DSWP4175","5",0.1804
"DSWP4175","6",0.1838
"DSWP4175","7",0.1797
"DSWP4175","8",0.1948
"DSWP4176","1",0.2074
"DSWP4176","2",0.1944
"DSWP4176","3",0.1791
"DSWP4176","4",0.1861
"DSWP4176","5",0.1886
"DSWP4176","6",0.19
"DSWP4176","7",0.1787
"DSWP4176","8",0.195
"DSWP4177","1",0.2184
"DSWP4177","2",0.1827
"DSWP4177","3",0.1882
"DSWP4177","4",0.1981
"DSWP4177","5",0.1902
"DSWP4177","6",0.1982
"DSWP4177","7",0.2035
"DSWP4178","1",0.2464
"DSWP4178","2",0.2581
"DSWP4178","3",0.2753
"DSWP4178","4",0.2888
"DSWP4179","1",0.3351
"DSWP4179","2",0.327
"DSWP4179","3",0.3262
"DSWP4179","4",0.3273
"DSWP4180","1",0.3434
"DSWP4180","2",0.322
"DSWP4180","3",0.3274
"DSWP4180","4",0.3364
"DSWP4181","1",0.2268
"DSWP4181","2",0.2575
"DSWP4181","3",0.2763
"DSWP4181","4",0.2655
"DSWP4182","1",0.3435
"DSWP4182","2",0.3342
"DSWP4182","3",0.3298
"DSWP4182","4",0.3516
"DSWP4183","1",0.2583
"DSWP4183","2",0.2499
"DSWP4183","3",0.2635
"DSWP4183","4",0.291
"DSWP4184","1",0.385
"DSWP4184","2",0.3202
"DSWP4184","3",0.3274
"DSWP4184","4",0.339
"DSWP4184","5",0.3198
"DSWP4185","1",0.3038
"DSWP4185","2",0.2987
"DSWP4185","3",0.3068
"DSWP4185","4",0.2901
"DSWP4185","5",0.3439
"DSWP4186","1",0.2651
"DSWP4186","2",0.27
"DSWP4186","3",0.2941
"DSWP4186","4",0.2849
"DSWP4187","1",0.3114
"DSWP4187","2",0.3137
"DSWP4187","3",0.3181
"DSWP4187","4",0.3084
"DSWP4188","1",0.2555
"DSWP4188","2",0.2777
"DSWP4188","3",0.2648
"DSWP4188","4",0.2814
"DSWP4189","1",0.2651
"DSWP4189","2",0.2712
"DSWP4189","3",0.2862
"DSWP4190","1",0.2621
"DSWP4190","2",0.2843
"DSWP4190","3",0.2878
"DSWP4190","4",0.2826
"DSWP4191","1",0.2913
"DSWP4191","2",0.2943
"DSWP4191","3",0.2903
"DSWP4191","4",0.2979
"DSWP4192","1",0.2824
"DSWP4192","2",0.2861
"DSWP4192","3",0.2827
"DSWP4192","4",0.3081
"DSWP4193","1",0.271
"DSWP4193","2",0.2764
"DSWP4193","3",0.2779
"DSWP4193","4",0.2937
"DSWP4194","1",0.2883
"DSWP4194","2",0.2802
"DSWP4194","3",0.2728
"DSWP4194","4",0.3032
"DSWP4194","5",0.2876
"DSWP4195","1",0.287
"DSWP4195","2",0.2748
"DSWP4195","3",0.2905
"DSWP4195","4",0.2918
"DSWP4196","1",0.2675
"DSWP4196","2",0.2492
"DSWP4196","3",0.2604
"DSWP4196","4",0.3064
"DSWP4197","1",0.286
"DSWP4197","2",0.2833
"DSWP4197","3",0.2839
"DSWP4197","4",0.2856
"DSWP4198","1",0.2677
"DSWP4198","2",0.279
"DSWP4198","3",0.2762
"DSWP4198","4",0.2885
"DSWP4199","1",0.2887
"DSWP4199","2",0.2894
"DSWP4199","3",0.2694
"DSWP4199","4",0.2861
"DSWP4200","1",0.2572
"DSWP4200","2",0.2627
"DSWP4200","3",0.273
"DSWP4200","4",0.2926
"DSWP4201","1",0.2881
"DSWP4201","2",0.2828
"DSWP4201","3",0.2798
"DSWP4201","4",0.2983
"DSWP4202","1",0.2803
"DSWP4202","2",0.2814
"DSWP4202","3",0.2797
"DSWP4202","4",0.2988
"DSWP4203","1",0.2856
"DSWP4203","2",0.2842
"DSWP4203","3",0.2955
"DSWP4203","4",0.3027
"DSWP4204","1",0.156
"DSWP4204","2",0.1746
"DSWP4204","3",0.2002
"DSWP4204","4",0.2441
"DSWP4205","1",0.1442
"DSWP4205","2",0.1677
"DSWP4205","3",0.1955
"DSWP4205","4",0.2567
"DSWP4206","1",0.1589
"DSWP4206","2",0.1789
"DSWP4206","3",0.1963
"DSWP4206","4",0.2843
"DSWP4207","1",0.1684
"DSWP4207","2",0.1686
"DSWP4207","3",0.1826
"DSWP4207","4",0.2116
"DSWP4207","5",0.2996
"DSWP4208","1",0.2444
"DSWP4208","2",0.2594
"DSWP4208","3",0.2596
"DSWP4208","4",0.2624
"DSWP4209","1",0.2481
"DSWP4209","2",0.2517
"DSWP4209","3",0.2512
"DSWP4209","4",0.2696
"DSWP4210","1",0.2104
"DSWP4210","2",0.2356
"DSWP4210","3",0.2898
"DSWP4210","4",0.3095
"DSWP4211","1",0.191
"DSWP4211","2",0.237
"DSWP4211","3",0.2611
"DSWP4211","4",0.2997
"DSWP4212","1",0.2489
"DSWP4212","2",0.2523
"DSWP4212","3",0.2531
"DSWP4212","4",0.2722
"DSWP4213","1",0.3318
"DSWP4213","2",0.3307
"DSWP4213","3",0.3415
"DSWP4213","4",0.3319
"DSWP4214","1",0.3346
"DSWP4214","2",0.3408
"DSWP4214","3",0.3425
"DSWP4214","4",0.3493
"DSWP4215","1",0.355
"DSWP4215","2",0.35
"DSWP4215","3",0.3403
"DSWP4215","4",0.3498
"DSWP4216","1",0.3618
"DSWP4216","2",0.3688
"DSWP4216","3",0.3521
"DSWP4216","4",0.3614
"DSWP4217","1",0.3606
"DSWP4217","2",0.3655
"DSWP4217","3",0.3649
"DSWP4217","4",0.3556
"DSWP4218","1",0.3942
"DSWP4218","2",0.3891
"DSWP4218","3",0.3839
"DSWP4218","4",0.3963
"DSWP4219","1",0.3732
"DSWP4219","2",0.3882
"DSWP4219","3",0.3734
"DSWP4219","4",0.3858
"DSWP4219","5",0.3791
"DSWP4220","1",0.344
"DSWP4220","2",0.3567
"DSWP4220","3",0.3516
"DSWP4220","4",0.3549
"DSWP4221","1",0.3558
"DSWP4221","2",0.3668
"DSWP4221","3",0.3566
"DSWP4221","4",0.3766
"DSWP4222","1",0.2764
"DSWP4222","2",0.2794
"DSWP4222","3",0.2869
"DSWP4222","4",0.3071
"DSWP4223","1",0.3744
"DSWP4223","2",0.3677
"DSWP4223","3",0.3555
"DSWP4223","4",0.3597
"DSWP4223","5",0.3633
"DSWP4224","1",0.2334
"DSWP4224","2",0.2627
"DSWP4224","3",0.2672
"DSWP4224","4",0.3029
"DSWP4225","1",0.3259
"DSWP4225","2",0.3064
"DSWP4225","3",0.3321
"DSWP4225","4",0.334
"DSWP4226","1",0.3217
"DSWP4226","2",0.3087
"DSWP4226","3",0.3299
"DSWP4226","4",0.3495
"DSWP4227","1",0.1854
"DSWP4227","2",0.2012
"DSWP4227","3",0.243
"DSWP4227","4",0.2492
"DSWP4228","1",0.3186
"DSWP4228","2",0.3322
"DSWP4228","3",0.3311
"DSWP4228","4",0.3295
"DSWP4229","1",0.1715
"DSWP4229","2",0.1822
"DSWP4229","3",0.2119
"DSWP4229","4",0.2531
"DSWP4230","1",0.1712
"DSWP4230","2",0.1819
"DSWP4230","3",0.2115
"DSWP4230","4",0.2527
"DSWP4231","1",0.3293
"DSWP4231","2",0.3169
"DSWP4231","3",0.3334
"DSWP4231","4",0.3391
"DSWP4232","1",0.3128
"DSWP4232","2",0.3163
"DSWP4232","3",0.333
"DSWP4232","4",0.3387
"DSWP4233","1",0.1815
"DSWP4233","2",0.1813
"DSWP4233","3",0.2218
"DSWP4233","4",0.2418
"DSWP4234","1",0.3472
"DSWP4234","2",0.3299
"DSWP4234","3",0.3268
"DSWP4234","4",0.3372
"DSWP4235","1",0.3467
"DSWP4235","2",0.3295
"DSWP4235","3",0.3287
"DSWP4235","4",0.3361
"DSWP4236","1",0.1607
"DSWP4236","2",0.1677
"DSWP4236","3",0.1797
"DSWP4236","4",0.2254
"DSWP4237","1",0.1605
"DSWP4237","2",0.1675
"DSWP4237","3",0.1794
"DSWP4237","4",0.2252
"DSWP4238","1",0.1671
"DSWP4238","2",0.1701
"DSWP4238","3",0.1921
"DSWP4238","4",0.224
"DSWP4239","1",0.1668
"DSWP4239","2",0.17
"DSWP4239","3",0.1922
"DSWP4239","4",0.2235
"DSWP4240","1",0.1525
"DSWP4240","2",0.1599
"DSWP4240","3",0.1728
"DSWP4240","4",0.2069
"DSWP4241","1",0.1611
"DSWP4241","2",0.147
"DSWP4241","3",0.1402
"DSWP4241","4",0.1926
"DSWP4242","1",0.1448
"DSWP4242","2",0.1392
"DSWP4242","3",0.151
"DSWP4242","4",0.1669
"DSWP4243","1",0.2266
"DSWP4243","2",0.2247
"DSWP4243","3",0.2459
"DSWP4243","4",0.2816
"DSWP4244","1",0.2263
"DSWP4244","2",0.2243
"DSWP4244","3",0.2457
"DSWP4244","4",0.2814
"DSWP4245","1",0.2079
"DSWP4245","2",0.2301
"DSWP4245","3",0.2509
"DSWP4245","4",0.268
"DSWP4246","1",0.2075
"DSWP4246","2",0.2297
"DSWP4246","3",0.2505
"DSWP4246","4",0.2677
"DSWP4247","1",0.2901
"DSWP4247","2",0.2796
"DSWP4247","3",0.2822
"DSWP4247","4",0.2927
"DSWP4248","1",0.3042
"DSWP4248","2",0.2985
"DSWP4248","3",0.3053
"DSWP4248","4",0.3007
"DSWP4248","5",0.3177
"DSWP4249","1",0.268
"DSWP4249","2",0.2749
"DSWP4249","3",0.283
"DSWP4249","4",0.2944
"DSWP4251","1",0.2058
"DSWP4251","2",0.1826
"DSWP4251","3",0.1668
"DSWP4251","4",0.1739
"DSWP4251","5",0.1843
"DSWP4251","6",0.1834
"DSWP4251","7",0.1807
"DSWP4251","8",0.1911
"DSWP4252","1",0.3145
"DSWP4252","2",0.3104
"DSWP4252","3",0.3027
"DSWP4252","4",0.3125
"DSWP4252","5",0.3185
"DSWP4253","1",0.2952
"DSWP4253","2",0.2576
"DSWP4253","3",0.3191
"DSWP4253","4",0.2863
"DSWP4254","1",0.332
"DSWP4254","2",0.3213
"DSWP4254","3",0.3092
"DSWP4254","4",0.3085
"DSWP4254","5",0.2847
"DSWP4255","1",0.2829
"DSWP4255","2",0.2957
"DSWP4255","3",0.2987
"DSWP4255","4",0.2969
"DSWP4256","1",0.3306
"DSWP4256","2",0.3226
"DSWP4256","3",0.3244
"DSWP4256","4",0.3269
"DSWP4257","1",0.3433
"DSWP4257","2",0.3407
"DSWP4257","3",0.3276
"DSWP4257","4",0.3361
"DSWP4257","5",0.3252
"DSWP4258","1",0.2686
"DSWP4258","2",0.2746
"DSWP4258","3",0.2915
"DSWP4258","4",0.2937
"DSWP4258","5",0.3367
"DSWP4258","6",0.3448
"DSWP4258","7",0.3315
"DSWP4259","1",0.3419
"DSWP4259","2",0.3446
"DSWP4259","3",0.3427
"DSWP4259","4",0.358
"DSWP4260","1",0.2621
"DSWP4260","2",0.2027
"DSWP4260","3",0.234
"DSWP4260","4",0.2252
"DSWP4260","5",0.2261
"DSWP4260","6",0.2816
"DSWP4260","7",0.3233
"DSWP4261","1",0.278
"DSWP4261","2",0.2563
"DSWP4261","3",0.29
"DSWP4261","4",0.3374
"DSWP4262","1",0.2868
"DSWP4262","2",0.3032
"DSWP4262","3",0.2851
"DSWP4262","4",0.3039
"DSWP4263","1",0.2568
"DSWP4263","2",0.2426
"DSWP4263","3",0.264
"DSWP4263","4",0.2912
"DSWP4264","1",0.249
"DSWP4264","2",0.2645
"DSWP4264","3",0.2625
"DSWP4264","4",0.2562
"DSWP4265","1",0.2751
"DSWP4265","2",0.5522
"DSWP4265","3",0.2643
"DSWP4265","4",0.2593
"DSWP4266","1",0.2655
"DSWP4266","2",0.2573
"DSWP4266","3",0.2546
"DSWP4266","4",0.2452
"DSWP4266","5",0.246
"DSWP4266","6",0.2425
"DSWP4266","7",0.3622
"DSWP4267","1",0.2501
"DSWP4267","2",0.2503
"DSWP4267","3",0.2511
"DSWP4267","4",0.258
"DSWP4268","1",0.2367
"DSWP4268","2",0.2154
"DSWP4268","3",0.2447
"DSWP4268","4",0.229
"DSWP4269","1",0.2085
"DSWP4269","2",0.2516
"DSWP4269","3",0.214
"DSWP4269","4",0.1517
"DSWP4270","1",0.0277
"DSWP4270","2",0.0324
"DSWP4270","3",0.0462
"DSWP4270","4",0.0506
"DSWP4271","1",0.2263
"DSWP4271","2",0.2079
"DSWP4271","3",0.1473
"DSWP4271","4",0.1202
"DSWP4272","1",0.0497
"DSWP4272","2",0.0248
"DSWP4272","3",0.0262
"DSWP4272","4",0.0268
"DSWP4272","5",0.0287
"DSWP4272","6",0.0332
"DSWP4272","7",0.0409
"DSWP4272","8",0.0653
"DSWP4273","1",0.0568
"DSWP4273","2",0.0512
"DSWP4273","3",0.0505
"DSWP4273","4",0.0462
"DSWP4273","5",0.0532
"DSWP4273","6",0.0656
"DSWP4274","1",0.2717
"DSWP4274","2",0.245
"DSWP4274","3",0.1362
"DSWP4274","4",0.1382
"DSWP4275","1",0.2493
"DSWP4275","2",0.2631
"DSWP4275","3",0.1314
"DSWP4275","4",0.1362
"DSWP4276","1",0.089
"DSWP4276","2",0.093
"DSWP4276","3",0.1118
"DSWP4276","4",0.236
"DSWP4277","1",0.2325
"DSWP4277","2",0.2313
"DSWP4277","3",0.1344
"DSWP4277","4",0.1407
"DSWP4278","1",0.241
"DSWP4278","2",0.2767
"DSWP4278","3",0.1169
"DSWP4278","4",0.1285
"DSWP4279","1",0.2691
"DSWP4279","2",0.209
"DSWP4279","3",0.1362
"DSWP4279","4",0.109
"DSWP4280","1",0.2325
"DSWP4280","2",0.1432
"DSWP4280","3",0.1136
"DSWP4281","1",0.2342
"DSWP4281","2",0.2259
"DSWP4281","3",0.1264
"DSWP4281","4",0.1173
"DSWP4282","1",0.2705
"DSWP4282","2",0.263
"DSWP4282","3",0.1762
"DSWP4282","4",0.1723
"DSWP4283","1",0.2512
"DSWP4283","2",0.2127
"DSWP4283","3",0.1577
"DSWP4284","1",0.3266
"DSWP4284","2",0.2841
"DSWP4284","3",0.1597
"DSWP4285","1",0.2473
"DSWP4285","2",0.2609
"DSWP4285","3",0.1369
"DSWP4285","4",0.1428
"DSWP4286","1",0.2371
"DSWP4286","2",0.2489
"DSWP4286","3",0.141
"DSWP4286","4",0.1456
"DSWP4287","1",0.2198
"DSWP4287","2",0.2395
"DSWP4287","3",0.1384
"DSWP4287","4",0.1262
"DSWP4288","1",0.2296
"DSWP4288","2",0.2401
"DSWP4288","3",0.1353
"DSWP4288","4",0.1312
"DSWP4289","1",0.1639
"DSWP4289","2",0.1334
"DSWP4289","3",0.1459
"DSWP4291","1",0.2588
"DSWP4291","2",0.2461
"DSWP4291","3",0.1432
"DSWP4291","4",0.147
"DSWP4292","1",0.1985
"DSWP4292","2",0.2051
"DSWP4292","3",0.3536
"DSWP4293","1",0.2159
"DSWP4293","2",0.2115
"DSWP4293","3",0.2038
"DSWP4293","4",0.2017
"DSWP4293","5",0.226
"DSWP4293","6",0.2763
"DSWP4294","1",0.388
"DSWP4294","2",0.3693
"DSWP4294","3",0.3679
"DSWP4294","4",0.365
"DSWP4294","5",0.361
"DSWP4295","1",0.2537
"DSWP4295","2",0.2268
"DSWP4295","3",0.1595
"DSWP4295","4",0.1464
"DSWP4296","1",0.2222
"DSWP4296","2",0.2182
"DSWP4296","3",0.2185
"DSWP4296","4",0.2312
"DSWP4297","1",0.2365
"DSWP4297","2",0.2169
"DSWP4297","3",0.1992
"DSWP4297","4",0.189
"DSWP4297","5",0.1888
"DSWP4297","6",0.2023
"DSWP4298","1",0.2435
"DSWP4298","2",0.252
"DSWP4298","3",0.2435
"DSWP4298","4",0.2705
"DSWP4299","1",0.2939
"DSWP4299","2",0.2741
"DSWP4299","3",0.2789
"DSWP4299","4",0.293
"DSWP4300","1",0.1779
"DSWP4300","2",0.1893
"DSWP4300","3",0.1826
"DSWP4300","4",0.1737
"DSWP4300","5",0.1666
"DSWP4300","6",0.1775
"DSWP4300","7",0.1852
"DSWP4300","8",0.2129
"DSWP4301","1",0.1727
"DSWP4301","2",0.1766
"DSWP4301","3",0.162
"DSWP4301","4",0.1578
"DSWP4301","5",0.1588
"DSWP4301","6",0.1599
"DSWP4301","7",0.174
"DSWP4301","8",0.3045
"DSWP4302","1",0.193
"DSWP4302","2",0.197
"DSWP4302","3",0.2128
"DSWP4302","4",0.2069
"DSWP4302","5",0.2285
"DSWP4303","1",0.2278
"DSWP4303","2",0.1896
"DSWP4303","3",0.1984
"DSWP4303","4",0.1837
"DSWP4303","5",0.186
"DSWP4303","6",0.1849
"DSWP4303","7",0.2212
"DSWP4304","1",0.2354
"DSWP4304","2",0.2135
"DSWP4304","3",0.1842
"DSWP4304","4",0.1858
"DSWP4304","5",0.1849
"DSWP4304","6",0.2115
"DSWP4305","1",0.1786
"DSWP4305","2",0.1722
"DSWP4305","3",0.1731
"DSWP4305","4",0.1752
"DSWP4305","5",0.1618
"DSWP4305","6",0.1516
"DSWP4305","7",0.1534
"DSWP4305","8",0.1739
"DSWP4306","1",0.2136
"DSWP4306","2",0.1978
"DSWP4306","3",0.1845
"DSWP4306","4",0.2033
"DSWP4306","5",0.2183
"DSWP4306","6",0.2681
"DSWP4307","1",0.1809
"DSWP4307","2",0.183
"DSWP4307","3",0.1885
"DSWP4307","4",0.1792
"DSWP4307","5",0.2047
"DSWP4307","6",0.2584
"DSWP4307","7",0.3005
"DSWP4308","1",0.1646
"DSWP4308","2",0.2315
"DSWP4308","3",0.2257
"DSWP4308","4",0.2387
"DSWP4308","5",0.2388
"DSWP4309","1",0.2382
"DSWP4309","2",0.222
"DSWP4309","3",0.2477
"DSWP4309","4",0.2576
"DSWP4310","1",0.3577
"DSWP4310","2",0.3521
"DSWP4310","3",0.3683
"DSWP4310","4",0.3673
"DSWP4311","1",0.372
"DSWP4311","2",0.3647
"DSWP4311","3",0.3592
"DSWP4311","4",0.3753
"DSWP4312","1",0.3545
"DSWP4312","2",0.36
"DSWP4312","3",0.3689
"DSWP4312","4",0.362
"DSWP4313","1",0.3527
"DSWP4313","2",0.3608
"DSWP4313","3",0.3601
"DSWP4313","4",0.3701
"DSWP4314","1",0.3592
"DSWP4314","2",0.3618
"DSWP4314","3",0.3673
"DSWP4314","4",0.3769
"DSWP4315","1",0.3741
"DSWP4315","2",0.3603
"DSWP4315","3",0.3704
"DSWP4315","4",0.3773
"DSWP4316","1",0.3674
"DSWP4316","2",0.3651
"DSWP4316","3",0.3532
"DSWP4316","4",0.3513
"DSWP4317","1",0.3303
"DSWP4317","2",0.3295
"DSWP4317","3",0.3298
"DSWP4317","4",0.3328
"DSWP4318","1",0.3371
"DSWP4318","2",0.3355
"DSWP4318","3",0.3361
"DSWP4318","4",0.3414
"DSWP4319","1",0.326
"DSWP4319","2",0.3371
"DSWP4319","3",0.335
"DSWP4319","4",0.3375
"DSWP4320","1",0.3306
"DSWP4320","2",0.3405
"DSWP4320","3",0.333
"DSWP4320","4",0.3389
"DSWP4321","1",0.3764
"DSWP4321","2",0.3811
"DSWP4321","3",0.3816
"DSWP4321","4",0.3968
"DSWP4322","1",0.2559
"DSWP4322","2",0.2617
"DSWP4322","3",0.26
"DSWP4322","4",0.2901
"DSWP4323","1",0.3494
"DSWP4323","2",0.3439
"DSWP4323","3",0.3531
"DSWP4323","4",0.3615
"DSWP4324","1",0.2637
"DSWP4324","2",0.2509
"DSWP4324","3",0.2609
"DSWP4324","4",0.2637
"DSWP4325","1",0.3551
"DSWP4325","2",0.3475
"DSWP4325","3",0.348
"DSWP4325","4",0.36
"DSWP4326","1",0.3514
"DSWP4326","2",0.3499
"DSWP4326","3",0.3463
"DSWP4326","4",0.3521
"DSWP4327","1",0.341
"DSWP4327","2",0.3348
"DSWP4327","3",0.3422
"DSWP4327","4",0.3576
"DSWP4328","1",0.3548
"DSWP4328","2",0.3426
"DSWP4328","3",0.3554
"DSWP4328","4",0.3511
"DSWP4329","1",0.33
"DSWP4329","2",0.3487
"DSWP4329","3",0.3477
"DSWP4329","4",0.3496
"DSWP4330","1",0.3567
"DSWP4330","2",0.3505
"DSWP4330","3",0.3467
"DSWP4330","4",0.3626
"DSWP4331","1",0.3713
"DSWP4331","2",0.3558
"DSWP4331","3",0.342
"DSWP4331","4",0.3542
"DSWP4332","1",0.3659
"DSWP4332","2",0.3612
"DSWP4332","3",0.3504
"DSWP4332","4",0.3504
"DSWP4333","1",0.3444
"DSWP4333","2",0.3649
"DSWP4333","3",0.3389
"DSWP4333","4",0.3591
"DSWP4334","1",0.3551
"DSWP4334","2",0.3651
"DSWP4334","3",0.346
"DSWP4334","4",0.3493
"DSWP4335","1",0.3706
"DSWP4335","2",0.3878
"DSWP4335","3",0.3861
"DSWP4335","4",0.389
"DSWP4336","1",0.3883
"DSWP4336","2",0.3722
"DSWP4336","3",0.3765
"DSWP4336","4",0.3754
"DSWP4337","1",0.3776
"DSWP4337","2",0.368
"DSWP4337","3",0.3784
"DSWP4337","4",0.3806
"DSWP4338","1",0.3966
"DSWP4338","2",0.3779
"DSWP4338","3",0.3814
"DSWP4338","4",0.3778
"DSWP4339","1",0.3336
"DSWP4339","2",0.3413
"DSWP4339","3",0.3472
"DSWP4339","4",0.348
"DSWP4340","1",0.3455
"DSWP4340","2",0.3451
"DSWP4340","3",0.3484
"DSWP4340","4",0.3443
"DSWP4341","1",0.3474
"DSWP4341","2",0.3506
"DSWP4341","3",0.3515
"DSWP4341","4",0.3463
"DSWP4342","1",0.2553
"DSWP4342","2",0.2493
"DSWP4342","3",0.2219
"DSWP4342","4",0.2752
"DSWP4342","5",0.2676
"DSWP4343","1",0.3602
"DSWP4343","2",0.3545
"DSWP4343","3",0.3493
"DSWP4343","4",0.3522
"DSWP4344","1",0.3318
"DSWP4344","2",0.3367
"DSWP4344","3",0.3451
"DSWP4344","4",0.3376
"DSWP4345","1",0.3402
"DSWP4345","2",0.3493
"DSWP4345","3",0.3378
"DSWP4345","4",0.3514
"DSWP4346","1",0.3453
"DSWP4346","2",0.3446
"DSWP4346","3",0.344
"DSWP4346","4",0.3501
"DSWP4347","1",0.3521
"DSWP4347","2",0.3499
"DSWP4347","3",0.3426
"DSWP4347","4",0.3457
"DSWP4348","1",0.3889
"DSWP4348","2",0.3854
"DSWP4348","3",0.3821
"DSWP4348","4",0.3748
"DSWP4349","1",0.3812
"DSWP4349","2",0.3782
"DSWP4349","3",0.3722
"DSWP4349","4",0.3848
"DSWP4350","1",0.3319
"DSWP4350","2",0.3386
"DSWP4350","3",0.3445
"DSWP4350","4",0.349
"DSWP4351","1",0.3433
"DSWP4351","2",0.3392
"DSWP4351","3",0.3421
"DSWP4351","4",0.346
"DSWP4352","1",0.3402
"DSWP4352","2",0.3442
"DSWP4352","3",0.3369
"DSWP4352","4",0.3484
"DSWP4353","1",0.3338
"DSWP4353","2",0.2997
"DSWP4353","3",0.3304
"DSWP4353","4",0.3091
"DSWP4353","5",0.3114
"DSWP4353","6",0.312
"DSWP4354","1",0.3129
"DSWP4354","2",0.3216
"DSWP4354","3",0.3168
"DSWP4354","4",0.3291
"DSWP4355","1",0.3028
"DSWP4355","2",0.3
"DSWP4355","3",0.2961
"DSWP4355","4",0.3034
"DSWP4356","1",0.3226
"DSWP4356","2",0.3121
"DSWP4356","3",0.317
"DSWP4356","4",0.3042
"DSWP4356","5",0.3084
"DSWP4356","6",0.3084
"DSWP4357","1",0.3115
"DSWP4357","2",0.314
"DSWP4357","3",0.3134
"DSWP4357","4",0.3109
"DSWP4357","5",0.2944
"DSWP4357","6",0.3031
"DSWP4357","7",0.3195
"DSWP4358","1",0.296
"DSWP4358","2",0.2882
"DSWP4358","3",0.293
"DSWP4358","4",0.3084
"DSWP4359","1",0.3191
"DSWP4359","2",0.3108
"DSWP4359","3",0.311
"DSWP4359","4",0.3158
"DSWP4359","5",0.3198
"DSWP4360","1",0.2787
"DSWP4360","2",0.2923
"DSWP4360","3",0.2935
"DSWP4360","4",0.3249
"DSWP4361","1",0.3348
"DSWP4361","2",0.3106
"DSWP4361","3",0.3261
"DSWP4361","4",0.3121
"DSWP4361","5",0.3138
"DSWP4362","1",0.2762
"DSWP4362","2",0.2798
"DSWP4362","3",0.281
"DSWP4362","4",0.3119
"DSWP4363","1",0.3279
"DSWP4363","2",0.3246
"DSWP4363","3",0.3305
"DSWP4363","4",0.3245
"DSWP4364","1",0.2902
"DSWP4364","2",0.3065
"DSWP4364","3",0.3009
"DSWP4364","4",0.3027
"DSWP4365","1",0.3294
"DSWP4365","2",0.3185
"DSWP4365","3",0.3284
"DSWP4365","4",0.3285
"DSWP4366","1",0.3193
"DSWP4366","2",0.2944
"DSWP4366","3",0.3048
"DSWP4366","4",0.3081
"DSWP4367","1",0.3203
"DSWP4367","2",0.3057
"DSWP4367","3",0.3133
"DSWP4367","4",0.3192
"DSWP4368","1",0.3345
"DSWP4368","2",0.3311
"DSWP4368","3",0.3354
"DSWP4368","4",0.3324
"DSWP4369","1",0.2773
"DSWP4369","2",0.3007
"DSWP4369","3",0.2966
"DSWP4369","4",0.31
"DSWP4370","1",0.3314
"DSWP4370","2",0.3298
"DSWP4370","3",0.3295
"DSWP4370","4",0.3389
"DSWP4371","1",0.272
"DSWP4371","2",0.296
"DSWP4371","3",0.2938
"DSWP4371","4",0.311
"DSWP4372","1",0.5596
"DSWP4372","2",0.2937
"DSWP4372","3",0.3124
"DSWP4373","1",0.2689
"DSWP4373","2",0.2728
"DSWP4373","3",0.294
"DSWP4373","4",0.3021
"DSWP4374","1",0.261
"DSWP4374","2",0.2777
"DSWP4374","3",0.2597
"DSWP4374","4",0.3294
"DSWP4375","1",0.3311
"DSWP4375","2",0.3412
"DSWP4375","3",0.3346
"DSWP4375","4",0.3401
"DSWP4376","1",0.3372
"DSWP4376","2",0.3351
"DSWP4376","3",0.3389
"DSWP4376","4",0.3374
"DSWP4377","1",0.2681
"DSWP4377","2",0.2762
"DSWP4377","3",0.2784
"DSWP4377","4",0.2909
"DSWP4378","1",0.2909
"DSWP4378","2",0.2768
"DSWP4378","3",0.2864
"DSWP4378","4",0.3015
"DSWP4379","1",0.2696
"DSWP4379","2",0.2621
"DSWP4379","3",0.2608
"DSWP4379","4",0.2737
"DSWP4380","1",0.2717
"DSWP4380","2",0.2836
"DSWP4380","3",0.2751
"DSWP4380","4",0.2876
"DSWP4381","1",0.2418
"DSWP4381","2",0.2633
"DSWP4381","3",0.2628
"DSWP4381","4",0.2988
"DSWP4382","1",0.2577
"DSWP4382","2",0.2811
"DSWP4382","3",0.2879
"DSWP4382","4",0.294
"DSWP4383","1",0.2346
"DSWP4383","2",0.2714
"DSWP4383","3",0.2742
"DSWP4383","4",0.2863
"DSWP4384","1",0.2477
"DSWP4384","2",0.2697
"DSWP4384","3",0.2712
"DSWP4384","4",0.2769
"DSWP4385","1",0.2447
"DSWP4385","2",0.2693
"DSWP4385","3",0.2779
"DSWP4385","4",0.2752
"DSWP4386","1",0.2523
"DSWP4386","2",0.2662
"DSWP4386","3",0.3096
"DSWP4386","4",0.2911
"DSWP4387","1",0.2145
"DSWP4387","2",0.2783
"DSWP4387","3",0.2619
"DSWP4387","4",0.3323
"DSWP4388","1",0.1986
"DSWP4388","2",0.2288
"DSWP4388","3",0.2387
"DSWP4388","4",0.3181
"426","1",0.122
"426","2",0.098
"426","3",0.08
"426","4",0.09
"427","1",0.103
"427","2",0.087
"427","3",0.072
"427","4",0.073
"428","1",0.091
"428","2",0.09
"428","3",0.078
"428","4",0.082
"429","1",0.104
"429","2",0.086
"429","3",0.072
"429","4",0.084
"430","1",0.113
"430","2",0.087
"430","3",0.084
"430","4",0.079
"431","1",0.093
"431","2",0.094
"431","3",0.078
"431","4",0.103
"432","1",0.102
"432","2",0.089
"432","3",0.08
"432","4",0.097
"433","1",0.125
"433","2",0.093
"433","3",0.085
"433","4",0.09
"434","1",0.08
"434","2",0.073
"434","3",0.099
"434","4",0.125
"435","1",0.09
"435","2",0.101
"435","3",0.07
"435","4",0.046
"436","1",0.087
"436","2",0.099
"436","3",0.069
"436","4",0.061
"437","1",0.089
"437","2",0.095
"437","3",0.075
"437","4",0.059
"438","1",0.087
"438","2",0.088
"438","3",0.073
"438","4",0.058
"439","1",0.077
"439","2",0.101
"439","3",0.072
"439","4",0.061
"440","1",0.088
"440","2",0.077
"440","3",0.087
"440","4",0.07
"441","1",0.084
"441","2",0.083
"441","3",0.071
"441","4",0.068
"442","1",0.09
"442","2",0.078
"442","3",0.071
"442","4",0.082
"443","1",0.094
"443","2",0.075
"443","3",0.078
"443","4",0.074
"444","1",0.091
"444","2",0.087
"444","3",0.073
"444","4",0.076
"445","1",0.11
"445","2",0.092
"445","3",0.069
"445","4",0.097
"445","5",0.162
"446","1",0.03
"446","2",0.037
"446","3",0.034
"446","4",0.031
"446","5",0.033
"446","6",0.039
"446","7",0.037
"446","8",0.066
"447","1",0.033
"447","2",0.036
"447","3",0.033
"447","4",0.034
"447","5",0.037
"447","6",0.043
"447","7",0.047
"447","8",0.062
"448","1",0.032
"448","2",0.036
"448","3",0.026
"448","4",0.04
"448","5",0.039
"448","6",0.044
"448","7",0.036
"448","8",0.082
"1068","1",0.087
"1068","2",0.1027
"1069","1",0.07
"1069","2",0.0765
"1070","1",0.4092
"1070","2",0.3068
"1070","3",0.1922
"1070","4",0.146
"1071","1",0.3701
"1071","2",0.3294
"1071","3",0.1717
"1071","4",0.1311
"1072","1",0.3716
"1072","2",0.3427
"1072","3",0.1866
"1072","4",0.1282
"1073","1",0.4949
"1073","2",0.3342
"1073","3",0.1954
"1073","4",0.1507
"1074","1",0.4313
"1074","2",0.3092
"1074","3",0.1965
"1074","4",0.1322
"1075","1",0.4137
"1075","2",0.4328
"1075","3",0.2216
"1075","4",0.1623
"1076","1",0.5234
"1076","2",0.4875
"1076","3",0.2329
"1076","4",0.2493
"1077","1",0.5295
"1077","2",0.4852
"1077","3",0.2398
"1077","4",0.2503
"1078","1",0.4039
"1078","2",0.3495
"1078","3",0.1573
"1078","4",0.1606
"1039","1",0.0889
"1039","2",0.097
"1039","3",0.0701
"1039","4",0.0611
"1039","5",0.0718
"1040","1",0.0479
"1040","2",0.0689
"1040","3",0.0758
"1040","4",0.0772
"1040","5",0.0825
"1040","6",0.1078
"1040","7",0.1288
"1041","1",0.0983
"1041","2",0.0699
"1041","3",0.0741
"1041","4",0.0737
"1041","5",0.0774
"1041","6",0.0925
"1041","7",0.1432
"1042","1",0.0551
"1042","2",0.0632
"1042","3",0.062
"1042","4",0.0611
"1042","5",0.0631
"1042","6",0.0599
"1042","7",0.0605
"1042","8",0.0724
"1043","1",0.2601
"1043","2",0.1541
"1043","3",0.1081
"1044","1",0.2549
"1044","2",0.165
"1044","3",0.1152
"1045","1",0.2547
"1045","2",0.1704
"1045","3",0.1074
"1046","1",0.2546
"1046","2",0.1646
"1046","3",0.1096
"1047","1",0.2546
"1047","2",0.152
"1047","3",0.1077
"1048","1",0.2559
"1048","2",0.1622
"1048","3",0.0976
"1049","1",0.2471
"1049","2",0.161
"1049","3",0.1042
"1050","1",0.2472
"1050","2",0.155
"1050","3",0.1046
"1051","1",0.2433
"1051","2",0.1671
"1051","3",0.1032
"1052","1",0.2645
"1052","2",0.1603
"1052","3",0.118
"1053","1",0.2499
"1053","2",0.1776
"1053","3",0.114
"1054","1",0.2521
"1054","2",0.1733
"1054","3",0.1092
"1055","1",0.2383
"1055","2",0.1774
"1055","3",0.1315
"1056","1",0.2384
"1056","2",0.1723
"1056","3",0.1231
"1057","1",0.2478
"1057","2",0.1666
"1057","3",0.1189
"1057","4",0.0986
"1058","1",0.1085
"1058","2",0.1008
"1058","3",0.08
"1058","4",0.0632
"1059","1",0.0914
"1059","2",0.1049
"1059","3",0.0863
"1059","4",0.0712
"1060","1",0.0929
"1060","2",0.0952
"1060","3",0.0772
"1060","4",0.0639
"1061","1",0.0908
"1061","2",0.1028
"1061","3",0.0831
"1061","4",0.059
"1062","1",0.0956
"1062","2",0.1007
"1062","3",0.0857
"1062","4",0.0646
"1063","1",0.1016
"1063","2",0.0985
"1063","3",0.0794
"1063","4",0.061
"1064","1",0.1005
"1064","2",0.0895
"1064","3",0.0807
"1064","4",0.0624
"1065","1",0.1002
"1065","2",0.0917
"1065","3",0.0797
"1065","4",0.0672
"1066","1",0.0984
"1066","2",0.0948
"1066","3",0.0827
"1066","4",0.0703
"1067","1",0.1053
"1067","2",0.102
"1067","3",0.0803
"1067","4",0.0669
"2691","1",0.107
"2691","2",0.122
"2691","3",0.062
"2691","4",0.061
"2692","1",0.106
"2692","2",0.128
"2692","3",0.064
"2692","4",0.059
"2693","1",0.104
"2693","2",0.109
"2693","3",0.067
"2693","4",0.067
"2694","1",0.089
"2694","2",0.116
"2694","3",0.069
"2694","4",0.066
"2695","1",0.097
"2695","2",0.116
"2695","3",0.062
"2695","4",0.06
"2696","1",0.1
"2696","2",0.096
"2696","3",0.07
"2696","4",0.061
"2697","1",0.104
"2697","2",0.102
"2697","3",0.071
"2697","4",0.081
"2624","1",0.13
"2624","2",0.11
"2624","3",0.082
"2624","4",0.065
"2625","1",0.112
"2625","2",0.098
"2625","3",0.08
"2625","4",0.075
"2626","1",0.094
"2626","2",0.079
"2626","3",0.081
"2626","4",0.077
"2627","1",0.104
"2627","2",0.087
"2627","3",0.083
"2627","4",0.077
"2628","1",0.103
"2628","2",0.084
"2628","3",0.078
"2628","4",0.074
"2629","1",0.1
"2629","2",0.147
"2629","3",0.088
"2629","4",0.073
"2630","1",0.113
"2630","2",0.082
"2630","3",0.075
"2630","4",0.081
"2631","1",0.093
"2631","2",0.106
"2631","3",0.073
"2631","4",0.065
"2632","1",0.09
"2632","2",0.1
"2632","3",0.083
"2632","4",0.073
"2633","1",0.098
"2633","2",0.086
"2633","3",0.071
"2633","4",0.066
"2634","1",0.047
"2634","2",0.041
"2634","3",0.032
"2634","4",0.063
"2634","5",0.054
"2635","1",0.039
"2635","2",0.041
"2635","3",0.045
"2635","4",0.044
"2635","5",0.041
"2635","6",0.046
"2635","7",0.048
"2637","1",0.102
"2637","2",0.068
"2638","1",0.114
"2638","2",0.11
"2638","3",0.068
"2638","4",0.078
"2639","1",0.11
"2639","2",0.103
"2639","3",0.087
"2639","4",0.07
"2640","1",0.104
"2640","2",0.071
"2640","3",0.08
"2640","4",0.075
"2641","1",0.105
"2641","2",0.083
"2641","3",0.068
"2641","4",0.065
"2642","1",0.111
"2642","2",0.079
"2642","3",0.061
"2642","4",0.075
"1275","1",0.1270059
"1275","2",0.2659913
"1275","3",0.003007427
"1276","1",0.1430087
"1276","2",0.2399907
"1277","1",0.140997
"1277","2",0.2809983
"1278","1",0.1339965
"1278","2",0.2829999
"1279","1",0.1449902
"1279","2",0.2949994
"1280","1",0.179993
"1280","2",0.2359975
"1280","3",0.4250027
"1281","1",0.1580056
"1281","2",0.3230017
"1282","1",0.1670077
"1282","2",0.2870031
"1283","1",0.1820046
"1283","2",0.2520002
"1284","1",0.1619987
"1284","2",0.2429981
"1285","1",0.1740083
"1285","2",0.3019899
"1286","1",0.1809988
"1286","2",0.3129937
"1287","1",0.1670077
"1287","2",0.2459954
"1288","1",0.1660019
"1288","2",0.2830099
"1289","1",0.1529966
"1289","2",0.2099968
"1290","1",0.09799786
"1290","2",0.0359986
"1290","3",0.0869941
"1291","1",0.09500049
"1291","2",0.0889957
"1291","3",0.2390049
"1292","1",0.1440044
"1292","2",0.1129948
"1292","3",0.2800025
"1293","1",0.3099963
"1293","2",0.3160011
"1293","3",0.1270059
"1294","1",0.1839962
"1294","2",0.1450002
"1294","3",0.4110016
"1295","1",0.2130043
"1295","2",0.223998
"1295","3",0.3190085
"1296","1",0.2300028
"1296","2",0.2319943
"1296","3",0.3870025
"1297","1",0.252996
"1297","2",0.214
"1297","3",0.2960052
"1298","1",0.1669977
"1298","2",0.1650061
"1298","3",0.3049973
"1299","1",0.1529966
"1299","2",0.1660019
"1299","3",0.2959952
"1300","1",0.1740083
"1300","2",0.1619987
"1300","3",0.2999984
"1301","1",0.1870137
"1301","2",0.1739882
"1301","3",0.3060032
"1302","1",0.185002
"1302","2",0.1939941
"1302","3",0.2829999
"1303","1",0.2020106
"1303","2",0.1949999
"1303","3",0.3289964
"1304","1",0.1949999
"1304","2",0.1890052
"1304","3",0.3339954
"1305","1",0.2130043
"1305","2",0.2099968
"1305","3",0.3079947
"1306","1",0.2119984
"1306","2",0.2130043
"1306","3",0.3269948
"1307","1",0.2210006
"1307","2",0.2180032
"1307","3",0.3290065
"1308","1",0.234006
"1308","2",0.2230022
"1308","3",0.3270048
"1309","1",0.2370033
"1309","2",0.2219964
"1309","3",0.3109921
"1310","1",0.2379991
"1310","2",0.2299927
"1310","3",0.3340054
"1311","1",0.2459954
"1311","2",0.2270054
"1311","3",0.335997
"1312","1",0.2789967
"1312","2",0.2550077
"1312","3",0.2409965
"1313","1",0.2549976
"1313","2",0.2470013
"1313","3",0.3499981
"1314","1",0.2590008
"1314","2",0.2510045
"1314","3",0.3509939
"1315","1",0.2549976
"1315","2",0.2440039
"1315","3",0.3600061
"1316","1",0.2359975
"1316","2",0.2330001
"1316","3",0.3519997
"1317","1",0.257995
"1317","2",0.2470013
"1317","3",0.3350012
"1318","1",0.263004
"1318","2",0.2449997
"1318","3",0.3409959
"1319","1",0.2959952
"1319","2",0.2730019
"1319","3",0.3949988
"1320","1",0.3019899
"1320","2",0.2860073
"1320","3",0.3920015
"1321","1",0.179993
"1321","2",0.1150064
"1321","3",0.6499965
"1322","1",0.370004
"1322","2",0.2989925
"1322","3",0.3720056
